"country","iso_3","PVCCI","Flood","Aridity","Rainfall","Temperature","Storms","Region"
"Afghanistan","AFG",59.6719548,43.818,78.8805818,81.3012999,55.2417074,0,"South Asian"
"Albania","ALB",41.6961311,4.8788571,38.2130022,69.8101377,48.3254036,0,"Europe & Central Asia"
"Algeria","DZA",61.1624158,0.5992857,82.4542292,84.8598955,68.5852839,0.0587067,"MENA"
"Andorra","AND",44.9427585,0,47.7552011,71.845496,51.5453509,0,"Europe & Central Asia"
"Angola","AGO",50.2372371,0.1684286,45.0036686,70.7274805,74.7740925,0,"SubSaharan Africa"
"Anguilla","AIA",60.5987953,66.4191437,37.0522472,68.038189,71.9813945,52.5945052,NA
"Antigua & Barbuda","ATG",57.1396863,39.985714,39.2964312,65.6521726,80.3091709,49.2126126,"Latin America & Caribbean"
"Argentina","ARG",54.4820383,44.457,59.4757461,77.1622464,58.0832247,0,"Latin America & Caribbean"
"Armenia","ARM",45.0248184,0,55.6831054,77.9774817,30.9042954,0,"Europe & Central Asia"
"Australia","AUS",62.9258667,1.1357143,74.7553296,78.6138758,70.9271553,54.7528223,"East Asia Pacific"
"Austria","AUT",43.4083943,0,44.9814339,69.5569916,50.5958397,0,"Europe & Central Asia"
"Azerbaijan","AZE",52.365481,0,74.7874353,79.2721221,42.8192501,0,"Europe & Central Asia"
"Bahrain","BHR",57.8920914,33.2897148,41.282278,84.8325541,82.1491169,0,"MENA"
"Bangladesh","BGD",48.8933145,5.1205716,35.4874496,57.6954148,82.538278,22.9319307,"South Asian"
"Barbados","BRB",50.5641483,19.4054279,35.7678526,59.8427989,78.2213737,37.7890416,"Latin America & Caribbean"
"Belarus","BLR",43.2877158,0,51.2189384,76.7883862,29.1426795,0,"Europe & Central Asia"
"Belgium","BEL",48.5436803,6.0075712,46.6242384,72.4494687,65.7541517,0,"Europe & Central Asia"
"Belize","BLZ",56.308305,8.2922859,33.7504893,65.8800711,77.7105625,65.3157961,"Latin America & Caribbean"
"Benin","BEN",48.2187293,0.9538571,45.755865,69.2629443,68.7994536,0,"SubSaharan Africa"
"Bhutan","BTN",41.3925606,46.818,31.4294648,61.8899261,39.4417318,0.9852957,"South Asian"
"Bolivia","BOL",48.7941342,0,38.9866606,70.0545311,74.0050041,0,"Latin America & Caribbean"
"Bosnia & Herzegovina","BIH",41.8825401,0.1295714,41.4875283,70.6356717,45.3883894,0,"Europe & Central Asia"
"Botswana","BWA",61.2073552,0,83.3934985,79.7657108,73.5843558,0,"SubSaharan Africa"
"Brazil","BRA",47.6203193,0.6057143,35.6013045,61.7688702,79.0902024,0.0289829,"Latin America & Caribbean"
"Brunei","BRN",45.7130699,3.9595714,26.0292438,57.0530877,80.623627,0,"East Asia Pacific"
"Bulgaria","BGR",46.8748624,0.491,49.5909738,76.7364689,51.364114,0,"Europe & Central Asia"
"Burkina Faso","BFA",61.1480076,0,77.5255445,73.53467,85.3102361,0,"SubSaharan Africa"
"Burundi","BDI",50.7899885,0,43.5617859,70.0261454,78.0821646,0,"SubSaharan Africa"
"Cambodia","KHM",49.123265,0.7638571,35.943297,61.1800674,83.6749845,5.3355465,"East Asia Pacific"
"Cameroon","CMR",48.5365928,0.2368571,37.68104,64.0700626,79.0829589,0,"SubSaharan Africa"
"Canada","CAN",50.0328895,46.649,46.3631707,77.9499406,45.7959424,4.1612261,"North America"
"Cape Verde","CPV",52.5911747,17.7437134,40.9745733,79.9264149,73.8026316,0.5856876,"SubSaharan Africa"
"Central African Republic","CAF",49.4641871,0,37.6145181,66.4489777,80.0200626,0,"SubSaharan Africa"
"Chad","TCD",64.1547097,0,83.2437076,80.7860184,84.3992788,0,"SubSaharan Africa"
"Chile","CHL",52.1518089,50.094,42.9690525,78.3964306,55.6534567,0,"Latin America & Caribbean"
"China","CHN",53.1230472,44.536,55.5916226,76.9541305,49.1365586,26.4587855,"East Asia Pacific"
"Colombia","COL",45.4267884,0.5418571,31.2363425,56.3904958,78.3302279,5.1429739,"Latin America & Caribbean"
"Comoros","COM",52.6329869,11.669714,34.8795126,65.1403658,78.2052204,46.250083,"SubSaharan Africa"
"Congo","COG",47.5720294,0.0785714,32.2677042,63.4143658,79.0752629,0,"SubSaharan Africa"
"Congo, DRC","COD",49.0140796,0.0058667,39.566604,64.6769068,79.1408968,0,"SubSaharan Africa"
"Costa Rica","CRI",51.890542,3.4655714,44.9497262,58.4107587,75.295576,48.4707457,"Latin America & Caribbean"
"Cote d'Ivoire","CIV",46.0054079,0.3185714,39.9064465,65.203144,68.8361228,0,"SubSaharan Africa"
"Croatia","HRV",43.5430536,5.5245714,45.6884197,70.4393943,48.9931295,0,"Europe & Central Asia"
"Cuba","CUB",64.2096915,9.3781433,38.7168032,67.308023,79.2594856,90.6368907,"Latin America & Caribbean"
"Cyprus","CYP",59.7510606,6.8125715,79.7268366,79.3021301,71.8285373,0,"Europe & Central Asia"
"Czech Republic","CZE",46.5078452,0,45.5761162,75.8014027,54.6979278,0,"Europe & Central Asia"
"Denmark","DNK",49.1516174,17.8309994,43.192757,75.2259751,65.0914843,0,"Europe & Central Asia"
"Djibouti","DJI",63.8504785,3.0999999,80.0721189,82.2111888,84.8798223,0,"MENA"
"Dominican Republic","DOM",52.4395434,4.290143,36.186345,68.7508668,75.1976212,45.1697662,"Latin America & Caribbean"
"Ecuador","ECU",45.357599,1.2972857,28.7357356,63.1212897,73.9921364,0,"Latin America & Caribbean"
"Egypt","EGY",61.7420095,5.0232859,81.8951556,85.4060985,70.951583,0,"MENA"
"El Salvador","SLV",51.9338123,3.266,42.8922695,64.7464054,77.4529607,38.0017451,"Latin America & Caribbean"
"Equatorial Guinea","GNQ",48.6003411,1.6514286,37.4631594,66.4738027,77.3626772,0,"SubSaharan Africa"
"Eritrea","ERI",63.8873693,2.9667144,85.1844234,81.7029463,80.4202772,0,"SubSaharan Africa"
"Estonia","EST",45.2369673,4.0065713,49.5168114,76.5322102,43.6665733,0,"Europe & Central Asia"
"Ethiopia","ETH",52.9152568,0,57.0230057,74.0133321,72.5983852,0,"SubSaharan Africa"
"Fiji","FJI",60.6030865,15.9301424,29.8962264,72.5628056,78.929519,75.6365453,"East Asia Pacific"
"Finland","FIN",41.4737173,2.0535715,44.6744785,77.9149955,23.0124624,0,"Europe & Central Asia"
"France","FRA",45.665206,2.0432856,42.3756906,73.8114817,55.924004,7.1450668,"Europe & Central Asia"
"Gabon","GAB",47.5632147,0.6125714,34.0749252,62.2301802,79.2289458,0,"SubSaharan Africa"
"Georgia","GEO",39.8449042,1.3062857,34.5871878,71.6135817,40.1446998,0,"Europe & Central Asia"
"Germany","DEU",50.633537,5.0898571,45.3638419,75.3189173,71.1480938,0,"Europe & Central Asia"
"Ghana","GHA",51.1239473,0.7962857,39.3855795,68.0443377,82.9843364,0,"SubSaharan Africa"
"Greece","GRC",50.1091324,9.4711428,53.7166393,76.6170803,60.9037675,0,"Europe & Central Asia"
"Grenada","GRD",58.4122511,25.4547138,39.7437205,65.5776621,82.5572697,60.9616033,"Latin America & Caribbean"
"Guatemala","GTM",48.3544588,0.4761429,41.9106543,57.3569363,75.2146166,31.4162712,"Latin America & Caribbean"
"Guinea","GIN",50.1018748,0.6961429,44.6081096,62.1884046,81.8087806,0.7395793,"SubSaharan Africa"
"Guinea-Bissau","GNB",51.1960737,7.9169998,50.3703701,59.0020021,83.7514266,3.1303392,"SubSaharan Africa"
"Guyana","GUY",48.1447056,1.025,34.9537466,58.1915026,83.5493709,0,"Latin America & Caribbean"
"Haiti","HTI",56.9691972,6.4219999,39.1722983,69.8528896,77.0610824,61.9184907,"Latin America & Caribbean"
"Honduras","HND",51.3952446,1.1198572,38.2149954,64.7228872,74.3886835,44.9776334,"Latin America & Caribbean"
"Hungary","HUN",45.6974987,0,45.452243,77.270786,49.0369876,0,"Europe & Central Asia"
"Iceland","ISL",45.5669732,51.602,28.7649032,69.8773005,32.9634822,30.3666082,"Europe & Central Asia"
"India","IND",57.418498,44.824,55.6542699,70.5759133,76.7672739,22.4423028,"South Asian"
"Indonesia","IDN",45.6811347,4.9450002,33.5323667,52.5708714,80.6005446,4.9813042,"East Asia Pacific"
"Iran","IRN",60.3377498,1.2838571,83.6936095,82.6666267,65.1489061,10.8995681,"MENA"
"Iraq","IRQ",65.9854082,1.0225714,81.2003809,83.2625697,90.791891,0,"MENA"
"Ireland","IRL",45.8264504,5.4652858,29.0658379,69.6846499,50.2345053,47.3937713,"Europe & Central Asia"
"Israel","ISR",60.5424527,10.1174288,81.7705233,81.6996119,69.7376186,0,"MENA"
"Italy","ITA",45.3543886,5.5570002,45.6246347,72.5410651,53.9482081,0,"Europe & Central Asia"
"Jamaica","JAM",65.0124261,7.7820001,42.025251,66.4955076,78.2258281,93.6240557,"Latin America & Caribbean"
"Japan","JPN",61.6665336,6.6392856,42.2582937,63.1197747,56.567282,100,"East Asia Pacific"
"Jordan","JOR",60.9364232,3.0198572,81.3048332,84.6818079,69.1059646,0,"MENA"
"Kazakhstan","KAZ",58.8821418,9.5812855,88.6704231,82.1734003,51.2720239,0,"Europe & Central Asia"
"Kenya","KEN",58.4616754,0.1721429,71.328311,75.7472849,79.1418266,0,"SubSaharan Africa"
"Kiribati","KIR",65.1303324,96.9329987,25.5545938,64.904404,83.3557189,0,"East Asia Pacific"
"Kuwait","KWT",55.4067208,8.1491432,43.996406,84.4053106,78.8871019,0,"MENA"
"Kyrgyzstan","KGZ",53.9313742,0,86.1472514,80.042277,26.7366897,0,"Europe & Central Asia"
"Laos","LAO",47.4229658,0,30.3521129,62.6881755,76.7930048,22.2814881,"East Asia Pacific"
"Latvia","LVA",45.7200045,1.7644286,49.0461478,76.5363201,46.7455659,0,"Europe & Central Asia"
"Lebanon","LBN",56.7899662,0.8072857,81.6067019,76.167993,60.5279491,0,"MENA"
"Lesotho","LSO",49.8934575,0,57.5580861,74.4160022,59.9675815,0,"SubSaharan Africa"
"Liberia","LBR",45.9838966,0.5435714,38.6597348,50.5926839,80.7347725,0,"SubSaharan Africa"
"Libya","LBY",62.6320165,1.1241429,82.9612578,85.4223422,73.7091373,0,"MENA"
"Liechtenstein","LIE",43.3752581,0,43.2975284,64.8730362,57.6530857,0,"Europe & Central Asia"
"Lithuania","LTU",46.019565,2.1338573,46.8359502,76.218979,50.8085573,0,"Europe & Central Asia"
"Luxembourg","LUX",46.5313651,0,47.7683517,72.149076,57.780058,0,"Europe & Central Asia"
"Madagascar","MDG",61.2678968,1.3024286,37.9873692,64.8271092,73.6926289,87.697672,"SubSaharan Africa"
"Malawi","MWI",50.3024138,0,44.7425108,71.1422322,73.8163285,11.8196591,"SubSaharan Africa"
"Malaysia","MYS",42.2433964,3.3074286,32.6217296,51.8297994,71.8406448,0,"East Asia Pacific"
"Maldives","MDV",66.5195219,100,42.7915069,56.604253,84.1966714,0,"South Asian"
"Mali","MLI",62.834649,0,76.7074436,81.0335112,85.3843793,0.1071389,"SubSaharan Africa"
"Malta","MLT",52.4333665,29.7687149,45.9221168,79.2073226,66.9139182,0,"MENA"
"Marshall Is.","MHL",68.8267315,100,50.025078,44.5119571,82.2812625,49.3109108,"East Asia Pacific"
"Mauritania","MRT",64.742909,1.0375714,83.1252536,84.5132801,83.0953817,0,"SubSaharan Africa"
"Mauritius","MUS",63.7715726,10.2201433,50.2968405,60.1012976,75.182421,91.8437884,"SubSaharan Africa"
"Mexico","MEX",58.5818231,2.2477143,59.1223443,74.9691426,70.1990848,55.7706224,"Latin America & Caribbean"
"Micronesia","FSM",56.9190165,49.643856,51.3244174,50.8774678,80.042,45.8794667,"East Asia Pacific"
"Moldova","MDA",55.6093683,0,82.229185,78.2369421,50.7873136,0,"Europe & Central Asia"
"Mongolia","MNG",58.405897,0,87.2364015,82.672778,51.1005166,0.0570271,"East Asia Pacific"
"Montenegro","MNE",40.6334863,1.5708572,38.0660839,69.9312695,43.7438482,0,"Europe & Central Asia"
"Morocco","MAR",58.7077915,0.9134285,82.9496062,81.1456262,61.1900521,4.7662615,"MENA"
"Mozambique","MOZ",56.2707286,0.5887143,45.9061667,71.7422455,76.3945338,52.3562522,"SubSaharan Africa"
"Myanmar","MMR",54.0246434,46.172,35.6393204,59.9710019,76.1250095,42.42355,"East Asia Pacific"
"Namibia","NAM",63.4810268,0.3302857,84.6374489,81.5771852,79.5660723,0,"SubSaharan Africa"
"Nauru","NRU",39.9109332,0,15.4108556,27.0275631,83.644661,0,"East Asia Pacific"
"Nepal","NPL",51.4847561,53.618,37.373564,71.7773334,61.8849073,0,"South Asian"
"Netherlands","NLD",51.8282786,25.2674294,44.4899757,74.310241,72.7395316,0,"Europe & Central Asia"
"New Zealand","NZL",40.2608916,3.4687142,32.8387204,61.9060405,56.1773892,5.1016204,"East Asia Pacific"
"Nicaragua","NIC",51.5159308,1.9151429,44.8312442,60.7129088,76.3158757,41.7824992,"Latin America & Caribbean"
"Niger","NER",64.6939687,0,83.4142212,83.3033747,83.8401061,0,"SubSaharan Africa"
"Nigeria","NGA",53.8790742,0.4321429,53.0109731,68.9293001,83.3856986,0,"SubSaharan Africa"
"North Korea","PRK",42.9407681,2.2909999,43.7906258,68.8545076,45.7560113,21.4970801,"East Asia Pacific"
"Norway","NOR",42.2135888,7.4005713,38.8746461,70.3503705,34.6144507,34.59182,"Europe & Central Asia"
"Oman","OMN",69.7028998,1.013,79.2936314,84.6536146,80.4342331,66.0913363,"MENA"
"Pakistan","PAK",61.5875335,44.654,73.6791401,81.540953,68.4579165,14.39141,"South Asian"
"Palau","PLW",56.5196373,48.2558556,38.7517198,59.5402324,84.5218377,38.1188048,"East Asia Pacific"
"Panama","PAN",47.2941603,6.1187143,29.9003154,60.8717629,78.2129261,20.7264837,"Latin America & Caribbean"
"Papua New Guinea","PNG",43.9389707,3.0568571,28.3170869,45.4227723,80.1896929,18.6641064,"East Asia Pacific"
"Paraguay","PRY",48.5428291,0,39.9622741,70.7652556,71.9536414,0,"Latin America & Caribbean"
"Peru","PER",51.1712215,44.333,41.7797528,64.3869822,72.35899,0,"Latin America & Caribbean"
"Philippines","PHL",55.844681,8.3929996,26.9605726,57.6610073,80.4427455,70.7106781,"East Asia Pacific"
"Poland","POL",47.5290257,1.7611428,42.6738186,77.0820939,59.4073714,0,"Europe & Central Asia"
"Portugal","PRT",47.4842343,2.4779999,47.0231623,73.7261992,60.1551334,1.5005815,"Europe & Central Asia"
"Qatar","QAT",55.2188687,9.0417147,40.5217439,85.0346495,79.3155808,0,"MENA"
"Romania","ROU",44.2777081,2.9974287,44.8404976,76.5432592,43.8640155,0,"Europe & Central Asia"
"Russia","RUS",48.3743249,1.7359999,52.1808069,79.0931351,52.0001789,3.8449504,"Europe & Central Asia"
"Rwanda","RWA",51.7859817,0,44.4843507,71.1117064,79.8323696,0,"SubSaharan Africa"
"Samoa","WSM",57.3588659,13.7925711,35.7190738,58.891536,84.8726428,65.6698691,"East Asia Pacific"
"San Marino","SMR",44.4481923,0,43.2028347,73.2294742,51.4700705,0,"Europe & Central Asia"
"Sao Tome & Principe","STP",46.925615,0.9920635,38.8118646,61.9559244,75.2607809,0,"SubSaharan Africa"
"Saudi Arabia","SAU",63.5651367,0.5701429,82.2563316,84.9836937,78.8287742,5.54e-05,"MENA"
"Senegal","SEN",60.8841758,1.6391429,75.9086263,74.1647034,85.2593764,0.2084597,"SubSaharan Africa"
"Serbia","SRB",43.5181044,0,39.7789785,75.0682118,47.450221,0,"Europe & Central Asia"
"Seychelles","SYC",55.2575116,43.8180008,38.8244086,64.5004367,82.1787802,30.4294727,"SubSaharan Africa"
"Sierra Leone","SLE",48.9314932,1.3354286,44.9115274,56.17187,82.4460277,0,"SubSaharan Africa"
"Singapore","SGP",46.2344408,26.4991436,40.1790908,54.2981506,73.6428167,0,"East Asia Pacific"
"Slovakia","SVK",44.8769736,0,41.6184225,74.8413821,52.3104983,0,"Europe & Central Asia"
"Slovenia","SVN",43.7126129,0.2164286,48.5255488,66.3992819,52.823501,0,"Europe & Central Asia"
"Solomon Is.","SLB",55.3701211,23.1071434,35.3691559,72.038267,82.6652295,39.0036182,"East Asia Pacific"
"Somalia","SOM",62.988433,0.6755714,78.0665002,81.8415467,83.933514,0.0711395,"SubSaharan Africa"
"South Africa","ZAF",57.8567264,0.2244286,75.85063,78.8748803,68.7709832,5.7393947,"SubSaharan Africa"
"South Korea","KOR",45.7560032,6.3184285,35.233883,67.2366076,49.6598573,46.9025292,"East Asia Pacific"
"South Sudan","SSD",58.5472461,0,69.0586965,71.828582,84.9143765,0,"SubSaharan Africa"
"Spain","ESP",53.2450542,1.482,71.8974741,76.6697429,55.9052743,0.294484,"Europe & Central Asia"
"Sri Lanka","LKA",50.8080715,3.590857,38.9383577,63.8539197,82.3459733,22.8041289,"South Asian"
"St. Kitts & Nevis","KNA",55.495321,33.3662872,36.3478119,65.6953244,78.5290008,49.8146674,"Latin America & Caribbean"
"St. Lucia","LCA",51.8000229,12.3855715,41.0322837,59.6244111,80.8215892,38.6259177,"Latin America & Caribbean"
"St. Vincent & the Grenadines","VCT",54.535834,35.1528587,40.3078899,64.4486631,82.6797451,31.9494295,"Latin America & Caribbean"
"Sudan","SDN",65.8626466,0,90.6796479,82.2764706,81.8365744,0,"SubSaharan Africa"
"Suriname","SUR",46.4996459,1.1068572,36.5966323,54.1222749,80.8784649,0,"Latin America & Caribbean"
"Swaziland","SWZ",51.9144705,0,54.0517448,74.1097028,69.304766,16.0801585,"SubSaharan Africa"
"Sweden","SWE",41.5933007,2.2037144,41.1161429,76.3730583,32.5138358,8.0390425,"Europe & Central Asia"
"Switzerland","CHE",46.7905707,43.818,43.3870728,63.0844068,56.255577,0,"Europe & Central Asia"
"Syria","SYR",59.5947382,0.0177143,80.7173429,81.806408,67.4543248,0,"MENA"
"Tajikistan","TJK",48.0049231,0,64.8610233,78.5238046,33.9031411,0,"Europe & Central Asia"
"Tanzania","TZA",51.4790161,0.2162857,50.1268413,71.2682268,75.2232567,0,"SubSaharan Africa"
"Thailand","THA",49.5044146,1.2114285,36.4118222,64.3461889,82.3671738,1.1677317,"East Asia Pacific"
"The Bahamas","BHS",65.0092956,44.1674271,38.4422869,67.6730083,78.969812,82.9855667,"Latin America & Caribbean"
"The Gambia","GMB",61.875642,3.7832856,85.2681162,69.9580845,83.4498466,0,"SubSaharan Africa"
"Timor-Leste","TLS",59.5303263,4.5050001,31.9896025,63.749248,78.2714241,80.531277,"South Asian"
"Togo","TGO",51.3925236,0.315,39.2207505,68.0409414,83.8929151,0,"SubSaharan Africa"
"Tonga","TON",62.4791611,59.2315712,40.786787,59.8959301,79.4065962,66.7334763,"East Asia Pacific"
"Trinidad & Tobago","TTO",52.0108268,10.7508574,36.9558769,63.0774063,81.8276629,37.0106356,"Latin America & Caribbean"
"Tunisia","TUN",61.076999,3.6194286,86.4788942,81.8818138,66.7507917,0,"MENA"
"Turkey","TUR",51.7798297,1.0124285,63.0665148,77.5656673,58.4030033,0,"Europe & Central Asia"
"Turkmenistan","TKM",57.5597958,0,85.9604108,83.6975468,46.5959106,0,"Europe & Central Asia"
"Tuvalu","TUV",64.8797996,100,33.2762336,43.3586211,84.617595,29.9921136,"East Asia Pacific"
"Uganda","UGA",52.5020514,0,49.0165191,69.6199495,80.8255559,0,"SubSaharan Africa"
"Ukraine","UKR",45.7812992,1.6331428,54.0176188,77.6458611,39.1176011,0,"Europe & Central Asia"
"United Arab Emirates","ARE",63.6654747,3.4400001,79.9300352,85.0706585,81.4174568,0,"MENA"
"United Kingdom","GBR",42.0646178,7.6761427,34.4401739,68.9428657,50.1639528,18.2365218,"Europe & Central Asia"
"United States","USA",57.0379715,45.44,49.8228033,75.4537779,59.6046734,49.7348563,"North America"
"Uruguay","URY",43.1234379,1.4365715,25.1533865,68.7448413,62.749858,0,"Latin America & Caribbean"
"Uzbekistan","UZB",57.0556494,0,87.8907599,83.058258,40.6604936,0,"Europe & Central Asia"
"Vanuatu","VUT",59.4851399,19.1477146,48.0100333,49.6688162,77.3979284,81.0146928,"East Asia Pacific"
"Venezuela","VEN",48.1749681,1.0614285,35.5548227,59.9618633,80.0391362,18.362389,"Latin America & Caribbean"
"Vietnam","VNM",48.9341979,10.478857,30.4204364,62.526222,77.4676454,32.0437932,"East Asia Pacific"
"Yemen","YEM",62.266732,0.9625714,81.081103,83.2648728,76.6656292,0,"MENA"
"Zambia","ZMB",51.7872697,0,49.6540226,71.2696319,76.5814869,0,"SubSaharan Africa"
"Zimbabwe","ZWE",57.9813599,0,76.899514,75.8665093,71.6928934,0.2388458,"SubSaharan Africa"
