Variable;Uncorrelated_Estimate;Uncorrelated_Std. Error;Uncorrelated_t-value;Uncorrelated_Pr(>|t|);Correlated_Estimate;Correlated_Std. Error;Correlated_t-value;Correlated_Pr(>|t|)
Correlation coefficient;NA;NA;NA;NA;0.631829858109207;0.0385865138607208;16.3743700814698;0
h1.(Intercept);-3.99132875567278;0.441309923475004;-9.04427601410792;0;7.07731559671824;1.62979371885021;4.3424609598515;1.40895527960261e-05
h1.Colonial Ties;0.506979319903098;0.037483794802395;13.5252933321123;0;0.508879551154599;0.0374201537167442;13.5990769841999;0
h1.Common Language;0.542800183591078;0.0220598461643012;24.6058009447716;0;0.542256364110681;0.0220523928971867;24.5894568738551;0
h1.Common Religion;0.549535733240222;0.0470722290624031;11.6743086993333;0;0.549632132140948;0.0470581531330716;11.6798491982185;0
h1.CPIAbudget;0.050073592973873;0.0175620680289016;2.85123556584952;0.00435496926999068;0.0481991925981659;0.0175330506170163;2.74904770715641;0.00597686863444058
h1.CPIAPublicAdm;0.12745743650253;0.0200539957495801;6.35571275142003;2.07462491630395e-10;0.126540980916629;0.0200397472558586;6.31449984378595;2.7103652655569e-10
h1.distance;-0.397896169559339;0.01687444303851;-23.5798105247847;0;-0.400406522170077;0.0168650286720663;-23.7418227953133;0
h1.EIA;0.0177578026445916;0.0082424861491683;2.15442311011751;0.0312070058451799;0.0185572313649163;0.00823374383837059;2.25380236854547;0.0242086037494458
h1. Investment Agreement;0.0957183114422897;0.0179658904926121;5.32777996624498;9.94204609749971e-08;0.095647139625929;0.0179436591449298;5.33041442959839;9.79888961083475e-08
h1.MDBDummy;0.379892024889401;0.0134759433370181;28.1903845533281;0;0.394892055176347;0.0136544513171214;28.9203898424822;0
h1.INDC15;0.0747355807237101;0.0964051299725838;0.775224106279031;0.438207246074003;0.0736284672304684;0.0920879850692253;0.799544774219131;0.423974595316489
h1.INDC16;0.13749608058219;0.0345696114216265;3.97736841485507;6.968216013159e-05;0.138986712669222;0.0343588794569441;4.04514684023352;5.22903381867668e-05
h1.INDC17;0.133657765934796;0.035006809917518;3.8180504378924;0.000134510429444568;0.134658840299308;0.0348016104230711;3.8693278461056;0.00010913580949401
h1INDC18;0.269022792951747;0.0387019521393563;6.95114272228597;3.62332386316666e-12;0.269214067644074;0.0385109922549253;6.99057728406474;2.73758793412071e-12
h1.NDCActOnly;0.289087841725845;0.0199534094114637;14.4881426409141;0;0.289947791081349;0.0199293702578978;14.5487683418619;0
h1.NDCnonGHG;0.0455333168643804;0.0188331841420581;2.41771739292327;0.0156182015292492;0.042963671707405;0.0188135751399616;2.28365270225257;0.0223919498201868
h1.Provider GDP;0.533410381638513;0.0799299146186452;6.67347618452334;2.49813503216956e-11;0.499857261614338;0.0800778569890719;6.24214084153816;4.31622071417337e-10
h1.ProviderISO_ARE;-0.895911641370833;0.356916821093406;-2.51014126660164;0.0120682872050122;-11.4297614561068;1.53994301276271;-7.42219767964103;1.15241149956091e-13
h1.ProviderISO_AUS;1.08119080973869;0.365085405962984;2.96147364994455;0.00306170690556073;-8.93563625172676;1.46939594513324;-6.08116299852488;1.19313914304087e-09
h1.ProviderISO_AUT;0.651191365388376;0.332016161417502;1.96132430002261;0.0498412043644312;-9.9095955346945;1.53671078384866;-6.44857551521576;1.12906350935305e-10
h1.ProviderISO_BEL;1.22647475140549;0.3343249855211;3.66851059454568;0.000243967586067262;-9.24240915881496;1.5241272419898;-6.06406663707991;1.32722122181406e-09
h1.ProviderISO_CAN;0.472278981913606;0.355543489993656;1.32832971269431;0.184069208076717;-9.11947942805791;1.41085507028999;-6.46379604829536;1.02108543842405e-10
h1.ProviderISO_CHE;0.736418745231333;0.353808071536102;2.0814074196614;0.0373966301207196;-9.81731009369131;1.54123585622404;-6.3697649221212;1.89318116738946e-10
h1.ProviderISO_CZE;1.00925519942908;0.304540791885475;3.31402303507708;0.000919639306612652;-9.50973363995385;1.52469209588015;-6.23715021914914;4.45613990152083e-10
h1.ProviderISO_DEU;0.891342279355737;0.319725068406956;2.78783982687654;0.00530607710896391;-7.15050096239555;1.18657639198179;-6.02616149344837;1.67899427694351e-09
h1.ProviderISO_DNK;0.766138365736477;0.327658714287834;2.33822063118839;0.0193758057960738;-9.8928024222676;1.55040975096909;-6.38076638519852;1.76203940327468e-10
h1.ProviderISO_ESP;0.792553896364008;0.32307829691801;2.45313258093947;0.0141618131481271;-8.45086501249594;1.35283003839365;-6.24680467808839;4.18934442691921e-10
h1.ProviderISO_FIN;1.32967473389557;0.317294216427837;4.19066804578198;2.78134329820823e-05;-9.35130254751861;1.55018196694744;-6.03239022702146;1.61552082822425e-09
h1.ProviderISO_FRA;-0.0262923487941426;0.328434647669526;-0.0800535174370462;0.936194691750373;-8.57339401337547;1.26014477989242;-6.80349920912055;1.02107211574776e-11
h1.ProviderISO_GBR;-0.150164496257872;0.333851740726282;-0.449793959232306;0.652859013966662;-8.74893354443125;1.26825740459386;-6.89838948524251;5.25957055685922e-12
h1.ProviderISO_GRC;-0.079280782508911;0.329581655779997;-0.240549742737601;0.809904105901006;-10.5846700092143;1.52818602647587;-6.92629681585524;4.32009983342141e-12
h1.ProviderISO_IRL;1.34485761865896;0.320949203615422;4.19025067988776;2.78646438867103e-05;-9.36228628173353;1.55431317668989;-6.02342335003021;1.70766001339473e-09
h1.ProviderISO_ISL;1.94020654172811;0.301118992615126;6.44332170773424;1.16886500478586e-10;-8.98209606114999;1.58180496519486;-5.67838403519205;1.35973166059955e-08
h1.ProviderISO_ITA;0.507252529517424;0.323347581662668;1.56875312599868;0.116705474387051;-8.26555925092287;1.28787841872128;-6.41796549330304;1.38107525415876e-10
h1.ProviderISO_JPN;0.91070504215719;0.261221503651002;3.48633259294729;0.000489691768897904;-5.5724608152474;0.958525480012386;-5.81357609312107;6.11521544513494e-09
h1.ProviderISO_KOR;1.31096194812158;0.317755225956548;4.12569752133943;3.69612798249985e-05;-7.79366728424708;1.33164976089436;-5.85264047132988;4.83829287745152e-09
h1.ProviderISO_LUX;1.64038453928652;0.291376669345232;5.62977311454864;1.80446830810865e-08;-9.25347016920571;1.57423342691698;-5.87808009345093;4.15052103797109e-09
h1.ProviderISO_NLD;0.487096647792726;0.350522424656263;1.38963048732301;0.16464111298473;-9.76173712864215;1.49908604739573;-6.51179239884235;7.42592654034979e-11
h1.ProviderISO_NOR;1.4679106617551;0.338998407452876;4.33014028822289;1.49014378161283e-05;-9.20234217969878;1.5538746200343;-5.92219092908259;3.1768048192049e-09
h1.ProviderISO_NZL;0.883942771714834;0.311456564041277;2.83809324884765;0.00453839218532792;-9.83487559199683;1.55450903468886;-6.32667637982902;2.50497844689335e-10
h1.ProviderISO_POL;0.277908500823765;0.29794956235353;0.932736731104893;0.350955915049003;-9.28874447100816;1.39132131659028;-6.67620366355927;2.4521051855686e-11
h1.ProviderISO_PRT;0.472273765526595;0.309484070421874;1.52600347049466;0.127009000194464;-10.0532202320816;1.52637255589083;-6.5863476077859;4.50777193350405e-11
h1.ProviderISO_SVN;0.877477728028876;0.30493862657044;2.87755519167127;0.00400769797266687;-9.9758841544067;1.57092083749688;-6.35034173351622;2.14837037049165e-10
h1.ProviderISO_SWE;1.2450508988441;0.340526734946574;3.65625007105373;0.000255931697436429;-9.26718383623215;1.53186643875333;-6.04960302137959;1.4520318281086e-09
h1.Provider Population;-1.03975649781049;1.77153123624714;-0.586925297469288;0.557253878863152;-34.6130058607157;5.10027991062094;-6.78649142150743;1.14892539926359e-11
h1.Recipient GDP;0.197904797530948;0.00571584301997482;34.623903567565;0;0.198421326153171;0.00571002280538917;34.7496556346323;0
h1.Recipient Population;-0.268773674731099;0.0630336861960887;-4.2639688546055;2.00827449576835e-05;-0.27204488132375;0.0630630638595501;-4.31385449222115;1.60432560030177e-05
h1.WRI (Vulnerability);1.48987733632957;0.148202954398098;10.0529530088011;0;1.5125039509393;0.148205364086604;10.2054602426905;0
h1.wto;-0.107031204165377;0.0195595078845295;-5.47208062683587;4.44782377595487e-08;-0.10866691954116;0.019533161582792;-5.56320179304162;2.64869304267279e-08
h2.(Intercept);-1.86686978408097;0.480201815461254;-3.88767748053548;0.00010120798129587;-1.17056936708039;0.511441187146095;-2.28876632641245;0.0220929329656061
h2.Agri;0.0231427808752308;0.005225817431039;4.42854752976504;9.48698137204218e-06;0.0240287313310994;0.00525297011457136;4.57431335168754;4.77784319685703e-06
h2.Colonial Ties;0.0383446917555577;0.0107393273106303;3.57049288530411;0.000356310132805682;0.0850131759211533;0.0121326318246524;7.00698555349007;2.43516318221282e-12
h2.Common Language;0.0291589018786184;0.00685481162094079;4.25378602521194;2.10186159441683e-05;0.0816817519036502;0.008618108358079;9.47792119915481;0
h2.Common Religion;0.0480404100828469;0.0205730016880454;2.33511914358916;0.0195371975235479;0.0978952081575329;0.0215204439917863;4.54893998445834;5.39168157098757e-06
h2.CPIAbudget;0.00504789189362868;0.00855153622099252;0.590290652249942;0.554995805275283;0.0108352909737126;0.0087253500041048;1.24181734470424;0.214303961765704
h2.CPIAPublicAdm;0.0215404415781791;0.0134269502879559;1.60426910923332;0.108654747093882;0.033058550007585;0.0136759528272946;2.41727581434813;0.0156371632025987
h2.Disaster;-0.0395254182590193;0.00848889299723128;-4.65613340536991;3.22203201053028e-06;-0.0379077295326514;0.00850111934289777;-4.45914567289557;8.22869829208983e-06
h2.Distance;-0.048351577744042;0.00653740315186299;-7.39614440487169;1.40110145707695e-13;-0.0864990329552834;0.00747605182673647;-11.5701489181681;0
h2.EIA;0.000537712309220029;0.00276918989195969;0.194176755729634;0.846037482709402;0.00189120282239014;0.00289393886204238;0.653504760309773;0.513430921534374
h2.EnvProtect;-0.053906974002041;0.00613236500736387;-8.79056839201652;0;-0.0526649780823952;0.00615638748316632;-8.5545262097942;0
h2. Investment Agreement;0.0137310354845633;0.00537164045025408;2.55620896665075;0.0105819549395301;0.0203902996104011;0.00570019534821467;3.57712295189804;0.000347396794715849
h2.MDBDummy;0.00426277661674322;0.0046930096693391;0.908324703567792;0.363706694449741;0.0433808492227102;0.00601253369876037;7.21506961892859;5.39124300757976e-13
h2.MultiSec;-0.0205048178469044;0.00644480469044129;-3.18160422724935;0.00146461812348098;-0.0195222594608831;0.00646112794015834;-3.02149402421594;0.00251530605126571
h2.Provider debt to GDP;-0.086021298318485;0.035397784813524;-2.43013224617434;0.015093314493692;-0.0805971355077919;0.0355395302611879;-2.26781656694576;0.0233403892254556
h2.Provider fiscal Bal;-0.345026006993858;0.128677276870017;-2.68132816753952;0.00733305640584758;-0.332553372243214;0.128657270937876;-2.5848004533206;0.00974353702393049
h2.Provider GDP;0.184938230307454;0.0325471335684352;5.68216644696511;1.32999127266942e-08;0.244676079327037;0.0338938254125881;7.21889831993306;5.24025267623074e-13
h2.ProviderISO_ARE;2.28588166426893;0.46308095792092;4.93624629812415;7.9640520112001e-07;1.02149583028704;0.499157760563554;2.04643884357073;0.0407132136699091
h2.ProviderISO_AUS;1.72636355106446;0.446348894963899;3.86774465119733;0.000109846601044739;0.721904455328369;0.477204946730448;1.51277655496757;0.130336426051906
h2.ProviderISO_AUT;1.99225122076992;0.46233675765637;4.30909112844248;1.63926817318139e-05;0.893144893813076;0.495919700808276;1.80098691856238;0.0717049418323177
h2.ProviderISO_BEL;1.99507082655181;0.461583244796539;4.32223406946068;1.54457196708258e-05;0.964027334717666;0.493762575778145;1.95241069698004;0.0508894640555904
h2.ProviderISO_CAN;1.57000652898023;0.429813034749611;3.65276620774157;0.000259430417234086;0.54614590293797;0.460393507432137;1.1862589157352;0.235520065987945
h2.ProviderISO_CHE;1.98822731069567;0.463509374905909;4.28950829980359;1.79069121750697e-05;0.89779198003771;0.496915982690887;1.80672792043437;0.0708047121224689
h2.ProviderISO_CZE;2.0286239205867;0.453324042630152;4.47499741866057;7.64122358765107e-06;0.978758948149085;0.486506804142125;2.01180937207027;0.0442400356253774
h2.ProviderISO_DEU;1.39210212422529;0.363919665735655;3.82530062345267;0.000130612603854718;0.583061522727146;0.38857408579787;1.50051571640432;0.133480865503259
h2.ProviderISO_DNK;2.16456875650825;0.463504362642613;4.67000729867401;3.01189034268567e-06;1.07247863229507;0.497472905201571;2.15585335619537;0.0310951176241001
h2.ProviderISO_ESP;1.56191118211969;0.413583309788319;3.77653339763422;0.000159026244612281;0.614328443343182;0.44224638909149;1.38910900913222;0.164799604642991
h2.ProviderISO_FIN;2.11753672385197;0.463012580380066;4.57338917684219;4.79897561400655e-06;1.07786442601496;0.496149414890134;2.17245933113444;0.0298210339960381
h2.ProviderISO_FRA;1.33690113018114;0.388490243949516;3.4412733678709;0.000578983263927801;0.380912219950832;0.41614700736276;0.915330912421501;0.360017935542835
h2.ProviderISO_GBR;1.45645355506407;0.391886959892912;3.71651446494179;0.000201990081947434;0.482051130432129;0.419835558196936;1.14819033552658;0.250889998084085
h2.ProviderISO_GRC;1.85262588708963;0.466986970701656;3.96718967192174;7.27251144101437e-05;0.679116164159453;0.501346474583343;1.35458450111542;0.175549974231304
h2.ProviderISO_IRL;2.13456376029993;0.468016527430701;4.56087260853409;5.09414806604269e-06;1.09323799165679;0.500968589697607;2.18224857633627;0.0290911919774401
h2.ProviderISO_ISL;2.62510683582814;0.461961138423161;5.68252741948938;1.32718627199324e-08;1.63740181392907;0.495992118003794;3.30126579534988;0.000962496541639268
h2.ProviderISO_ITA;1.41333835889918;0.399629655561602;3.53662031641021;0.000405281851572958;0.486249992278906;0.426949485650126;1.13889349588624;0.254747578754752
h2.ProviderISO_JPN;1.17326503863099;0.310014757723133;3.78454576565288;0.00015398956998447;0.527838499127132;0.329025102971078;1.6042499321808;0.108658972429634
h2.ProviderISO_KOR;1.48642578781795;0.402744871054629;3.69073796998479;0.000223604387680876;0.606353658410143;0.430448030158705;1.40865706409803;0.158936596550034
h2.ProviderISO_LTU;4.05549520370676;0.488319534594065;8.30500300807758;0;0.0649132432756974;0.49229162260849;0.131859329500152;0.895095558023912
h2.ProviderISO_LUX;2.34121077977793;0.461377357931261;5.07439461328472;3.8873160002062e-07;1.32549525290268;0.495331507609337;2.67597605349201;0.00745119687866125
h2.ProviderISO_LVA;2.99521913704979;0.474945927649396;6.30644240255674;2.85522272491789e-10;0.227843186990041;0.49179154632121;0.463292199092066;0.64315493661634
h2.ProviderISO_NLD;2.00135859824011;0.455235919912114;4.39631081533831;1.10106239368246e-05;0.91769543649947;0.487857890194369;1.88107121960014;0.0599622314119612
h2.ProviderISO_NOR;2.03506103413595;0.464686462933712;4.37942827361048;1.1899107769997e-05;1.00416301741612;0.497685635156093;2.01766526193021;0.0436261350182214
h2.ProviderISO_NZL;2.19599318535212;0.461738259322642;4.75592641721652;1.97538417157084e-06;1.11010450940238;0.495849260492027;2.23879432289731;0.0251693018430421
h2.ProviderISO_POL;1.70952608247146;0.417280223716339;4.09682986470399;4.18846498524417e-05;0.682546200022364;0.448273467531786;1.52261119485946;0.127856007325442
h2.ProviderISO_PRT;2.00411228368408;0.460414395456326;4.35284453193033;1.34382449725745e-05;0.904777434506325;0.493950675731477;1.83171615904051;0.0669937199183013
h2.ProviderISO_SVN;2.38176575662024;0.464081657470905;5.1322126575743;2.86355693379647e-07;1.28437176781859;0.498891719912865;2.5744499588867;0.0100399608736452
h2.ProviderISO_SWE;2.0687000608188;0.460939195603993;4.48801074100039;7.18913051223069e-06;1.03346524676534;0.493429458720154;2.09445388495028;0.0362195669401728
h2.Provider Population;4.59132916035086;1.63876541387001;2.80170006121148;0.00508341112428679;0.657426935389684;1.7458239546402;0.376571150626224;0.706492330563891
h2.Recipient debt to GDP;0.0271612574042599;0.0243723929341642;1.11442719135659;0.26509596351588;0.0201859755489808;0.0243444822261128;0.829180730216091;0.40700214722311
h2.Recipient Fiscal Bal;-0.0432727119294512;0.0707508702799561;-0.611620913753062;0.540788597834864;-0.0491471451814517;0.0701317257284756;-0.700783342644832;0.483438234952526
h2.Recipient GDP;0.0086435032831689;0.0180331729349401;0.479311284506217;0.631717195471405;0.0163866013708267;0.0181464292580571;0.903020706597192;0.366514905360496
h2.RecipientISO_AFG;0.131341851321158;0.0514688529866558;2.55187057219268;0.0107146313321314;0.137758064128778;0.050983736981703;2.70200013345856;0.00689237347174654
h2.RecipientISO_AGO;-0.0706630003187419;0.0750790556188713;-0.941181262021369;0.346611977496627;-0.0485658281908673;0.0747515104407149;-0.649696947988558;0.515887995736741
h2.RecipientISO_BDI;0.0296523671160701;0.0516323677035141;0.574298031156373;0.565766141269694;0.0328650329858664;0.0510972705688911;0.643185685261929;0.520103620632783
h2.RecipientISO_BEN;0.0019228152248902;0.0421284108933286;0.045641769630449;0.963595776494004;0.00614069132242838;0.0413842483240754;0.148382333160707;0.882041041823846
h2.RecipientISO_BFA;0.0315010686427647;0.0407590177726497;0.772861328957312;0.439604453079808;0.0407018479954705;0.0400842507936905;1.01540747773879;0.309911630014246
h2.RecipientISO_BGD;0.183967917306251;0.122709423452471;1.4992158884807;0.13381763448828;0.227983161321141;0.123523527331798;1.84566589252873;0.0649407324993128
h2.RecipientISO_BIH;-0.069904974532011;0.0653940472819291;-1.06898070141819;0.285078365467627;-0.0523786654145778;0.0643524411115968;-0.813934397977931;0.415682533665876
h2.RecipientISO_BTN;-0.0762305068674225;0.0547352201233913;-1.39271399102029;0.163706296056085;-0.0844629178106257;0.0541326060444439;-1.56029653812122;0.118689821112169
h2.RecipientISO_CAF;-0.0185913752485728;0.0596685727213645;-0.31157734131482;0.755361756590357;-0.036410852056991;0.05892809796874;-0.617886090202777;0.536650428716205
h2.RecipientISO_CIV;-0.0359533320702139;0.0520920609087689;-0.690188321271845;0.490075766704255;-0.0178104066564922;0.0516703521296205;-0.344692960710098;0.73032521072839
h2.RecipientISO_CMR;-0.0060821232056743;0.0478821935879115;-0.127022651844627;0.898922470186464;0.0126667459609755;0.0473271219989163;0.267642430513006;0.78897456721336
h2.RecipientISO_COM;0.038811853193009;0.0758422456677457;0.511744514568283;0.608829827370256;0.00492667570549964;0.0749557962946482;0.0657277482068642;0.947594580300964
h2.RecipientISO_CPV;-0.0650065433955185;0.0553118801032936;-1.17527271309744;0.239885627651651;-0.0703182583627516;0.0547423685289507;-1.28453079858179;0.198956294411622
h2.RecipientISO_DJI;0.0121050903630495;0.0616021023504333;0.196504500677393;0.844215310310536;-0.0031732156091095;0.0608364846158378;-0.0521597463947384;0.958401406971023
h2.RecipientISO_ERI;-0.0651193200789082;0.127505583071592;-0.51071740162425;0.609548953845934;-0.0455709168351145;0.125162460680129;-0.364094126845089;0.715787722384815
h2.RecipientISO_ETH;0.14816482175205;0.081310090919998;1.82221935894563;0.0684217083260517;0.175925609804302;0.0814794031813523;2.15914210138158;0.0308391442483229
h2.RecipientISO_GEO;0.0398870182005983;0.0496028560189263;0.804127451560029;0.421323372010121;0.0490403994130013;0.048345683477716;1.01436976137912;0.310406347549307
h2.RecipientISO_GHA;-0.0168185148455157;0.0509613713996799;-0.330024769420183;0.74138124638778;0.007902491448121;0.0504258358943253;0.156715130408186;0.875469362086638
h2.RecipientISO_GIN;-0.0621391796933143;0.0458194224423593;-1.35617553389035;0.175043324515961;-0.0629333830393506;0.0451024832960104;-1.39534186236077;0.162912773941071
h2.RecipientISO_GMB;-0.152130714504418;0.0604238475334453;-2.51772637318754;0.0118115041155189;-0.145274730703832;0.0598972724637548;-2.42539809791407;0.0152916080340839
h2.RecipientISO_GNB;-0.00565440986723699;0.063027701697603;-0.0897130898785737;0.928515213670647;0.0118938935385782;0.0624844467613734;0.190349665477566;0.849035137593598
h2.RecipientISO_GRD;-0.1184306820807;0.0705528155564255;-1.67861028857145;0.0932280200891551;-0.143036791499898;0.0697605790726901;-2.05039570200319;0.0403258322709077
h2.RecipientISO_GUY;-0.12127252630459;0.0588502432049142;-2.06069711355864;0.0393319451895573;-0.103290436540745;0.0584365282780904;-1.76756627377318;0.0771334404273258
h2.RecipientISO_HND;0.00217611849084667;0.0443088120178518;0.0491125442489843;0.960829606606973;0.0184755606196818;0.0437054285137529;0.422729195158631;0.672492852175206
h2.RecipientISO_HTI;0.0469593672112883;0.0458281192185479;1.024684582567;0.305512039994965;0.0465709189488825;0.0451646931145089;1.03113551177705;0.302477276799347
h2.RecipientISO_IND;1.12235786472525;0.891017142638447;1.25963666804633;0.207800461460166;1.27119728410194;0.902809104981902;1.4080465926708;0.159117273877037
h2.RecipientISO_KEN;0.0602379995757605;0.0567173697497565;1.06207322098217;0.288202445997457;0.0885183790305684;0.0563260671481151;1.57153487740943;0.11605845967122
h2.RecipientISO_KGZ;-0.0227100540532739;0.0456125225054478;-0.497890772222946;0.618561031699835;-0.0377702656136878;0.0449049462324382;-0.841115930039873;0.400282991653213
h2.RecipientISO_KHM;0.0698278487439887;0.0475965777107477;1.46707709046529;0.142355085465725;0.0769746207290568;0.0469938920609351;1.63797075222557;0.101427795157209
h2.RecipientISO_KIR;0.00392414356752538;0.0896959190875769;0.0437494103125688;0.965104153160853;-0.0451352033953136;0.0893280603523992;-0.505274638419946;0.613365953286738
h2.RecipientISO_LAO;0.038268964349176;0.0416531075991154;0.918754123161478;0.358224193429964;0.0716804951615698;0.0410375242609819;1.7467061293881;0.080688326625129
h2.RecipientISO_LBR;0.03097432189613;0.0551081248847063;0.562064522444421;0.574072059042619;0.0345838230191936;0.0545886548537486;0.633534992057396;0.526384337561135
h2.RecipientISO_LKA;-0.0224399945504358;0.0574438949234292;-0.390641939937177;0.696061920443422;0.00927057968149509;0.0569584735154815;0.162760325361868;0.870707147417717
h2.RecipientISO_LSO;-0.0328572826668462;0.0565631656076831;-0.580895399220428;0.561310953324688;-0.0488790039913452;0.0557640504135433;-0.876532526401169;0.380740601934779
h2.RecipientISO_MDA;-0.0816215189521688;0.0445085992806232;-1.8338370623068;0.0666781843590876;-0.0801319370961015;0.0435712992072462;-1.83909909858219;0.0659006115888547
h2.RecipientISO_MDG;0.0487926725830023;0.0521747881251151;0.935177206009874;0.349696983405064;0.0530780881319353;0.0516648628690492;1.02735370200185;0.304253943775807
h2.RecipientISO_MLI;0.0878904504412694;0.0422903708651202;2.07826152013622;0.0376852785539135;0.096631031476199;0.0415907147093164;2.32337992149371;0.0201587517733701
h2.RecipientISO_MMR;0.109256301821138;0.0593733335087135;1.84015778405138;0.065745075832162;0.16113812346569;0.0591653200064858;2.72352323029819;0.00645896730368678
h2.RecipientISO_MNG;-0.0424919031826622;0.0424147447006307;-1.00181914290835;0.316430949956502;-0.0088748183386917;0.0418441198139077;-0.212092365143787;0.83203497594913
h2.RecipientISO_MOZ;0.0895956924837884;0.0441124816010708;2.03107350191819;0.0422475390051313;0.142821249822779;0.0436888141395331;3.2690575982822;0.00107906333314345
h2.RecipientISO_MRT;0.0816890189046477;0.0463242915817359;1.76341647363378;0.077830273385618;0.0763668265825824;0.0454674052827724;1.67959500014657;0.0930361411482836
h2.RecipientISO_MWI;0.0663366609642783;0.0441703446108964;1.50183707074619;0.133139191880366;0.0931463032036673;0.0435737522414251;2.13767000573144;0.0325435355390651
h2.RecipientISO_NER;0.0621365981836531;0.0437864549937977;1.41908264079507;0.155874924229197;0.0606799577251396;0.0431381441927142;1.40664274879465;0.159533350151628
h2.RecipientISO_NGA;0.148756970676543;0.138786101205933;1.07184342944986;0.283790362760292;0.204840799514918;0.139850055444099;1.46471732788692;0.142998055352368
h2.RecipientISO_NIC;-0.0169080176401055;0.0440978175145226;-0.383420735834312;0.701407830986118;0.0034149662049757;0.0435131256868094;0.0784812892908522;0.937445213293792
h2.RecipientISO_NPL;0.0498683301896925;0.0453368664662371;1.09995096875145;0.271353485597351;0.0662708043251078;0.0447441404319876;1.48110576458255;0.138578391995733
h2.RecipientISO_PAK;0.136361847655022;0.147470930233308;0.924669339505007;0.355137932687734;0.188922178303793;0.148690818991945;1.27057056773645;0.203881463170461
h2.RecipientISO_PNG;-0.0607134027130886;0.0497505564099741;-1.22035625516977;0.222329852783139;-0.0532445418392988;0.0495065957839215;-1.07550400095559;0.282149141897162
h2.RecipientISO_RWA;-0.0100556591971004;0.0414896678762224;-0.242365381836745;0.808497056107577;-0.00796947731876729;0.040795276336409;-0.195352943636141;0.845116652358142
h2.RecipientISO_SDN;0.0215259901869976;0.0735590605680591;0.292635468979122;0.769800799649323;0.0580069354916756;0.073213738482209;0.792295772545085;0.428188236079703
h2.RecipientISO_SEN;0.0273453315813524;0.0419287567459971;0.652185604906185;0.514281445129878;0.0263414498039236;0.0413272178290151;0.637387445554821;0.523872503932533
h2.RecipientISO_SLB;0.0282355111943116;0.066619376665693;0.423833314082209;0.671687380500555;0.00420323797258907;0.0662308499183001;0.0634634460794935;0.949397466345473
h2.RecipientISO_SLE;-0.0426889036996909;0.0483443214551605;-0.883017951535114;0.37722657242373;-0.0237178982397155;0.0477769489381193;-0.49642973791472;0.61959124826335
h2.RecipientISO_STP;-0.106098696952405;0.0953688567126807;-1.11250884837647;0.265919427842705;-0.143314844000977;0.0942259407243035;-1.52097015852889;0.128267326129712
h2.RecipientISO_TCD;0.0251290828999094;0.0468535931270238;0.536332033954845;0.591729095001026;0.0309495831659029;0.046169601705956;0.670345465897971;0.502637590056462
h2.RecipientISO_TGO;-0.0534716556277128;0.047923037624069;-1.11578185104145;0.264515524253369;-0.058392103333901;0.0472178630782984;-1.23665281584372;0.21621600290605
h2.RecipientISO_TJK;-0.0398321400388371;0.0443489456841549;-0.898153032149046;0.3691039693158;-0.0425590094893772;0.043514471997748;-0.978042649617343;0.328053230601913
h2.RecipientISO_TON;-0.050652102131047;0.082265784507328;-0.615712868167386;0.538084042821011;-0.0791789128181273;0.0821291986968869;-0.964077503183147;0.33500707065729
h2.RecipientISO_TZA;0.0789452215786626;0.0565681490392412;1.39557724478308;0.162841838762145;0.116107674980394;0.0562776602435378;2.0631219293401;0.0391010451608509
h2.RecipientISO_UGA;0.0629124495600535;0.0481263758300678;1.30723430707092;0.191133147339827;0.106227361814329;0.0477544725729556;2.22444843573642;0.0261182881389235
h2.RecipientISO_UZB;-0.00683668276265278;0.0609231207382706;-0.112218196963737;0.910650401211124;0.0773393585308286;0.0601187700845237;1.28644279352511;0.198288571660448
h2.RecipientISO_VNM;0.12340740378776;0.0861067913496567;1.43319013347781;0.15180350853485;0.165261346325274;0.0861852168632168;1.91751384216573;0.0551726841464264
h2.RecipientISO_VUT;0.0264653830852707;0.0866910670384414;0.305283854373775;0.760149971716373;0.00357069798174245;0.0867417693090568;0.0411646892861987;0.967164603666436
h2.RecipientISO_WSM;-0.0778461199438748;0.0687111864949691;-1.13294681572082;0.257236588362324;-0.0974999900088366;0.0683339516232887;-1.42681621203958;0.153632876933039
h2.RecipientISO_YEM;0.0495493428189546;0.0567233806159259;0.873525912611827;0.382376488583504;0.0542143970390148;0.0561178907855029;0.966080447432286;0.33400392758395
h2.RecipientISO_ZMB;0.0335268958582723;0.0443514881689755;0.755936209638278;0.449687442771566;0.0480861259616613;0.0436998685437047;1.10037232522953;0.271169931388334
h2.RecipientISO_ZWE;0.00880356912491911;0.0468606072570368;0.187867158371003;0.850980788123102;0.0199928134165873;0.0461970294619334;0.432772705289666;0.665179904410368
h2.Recipient Population;-0.905946250329671;0.710776443742564;-1.27458676818192;0.202455543307303;-0.998585895731093;0.720590207393504;-1.38578887901231;0.165811379184442
h2.Transport;0.113259159777824;0.0171004171175241;6.62318111888382;3.51549900301507e-11;0.101775946695691;0.0165988140781166;6.13151916858143;8.70438388034245e-10
h2.Water;0.00245879463832603;0.00607310218360581;0.404866337497744;0.685575763494317;0.00235033749456403;0.00609320539211166;0.385730882731576;0.699695988452033
h2.WRI Vulnerabilty;-0.0443882138719024;0.18860108001314;-0.235355035447357;0.813933182409006;0.104270339447475;0.191185812943593;0.545387431431634;0.585487082846012
h2.wto;0.00428907349846678;0.0190674513590945;0.224942149723699;0.822024278690533;-0.00634372864801255;0.0191779981591923;-0.330781586031799;0.740809470869681
h2.Year_2011;0.014594309160837;0.0122044137437969;1.19582222196087;0.231765942131275;0.00951861955220412;0.0122015420589255;0.7801161120648;0.435322533537049
h2.Year_2012;0.0314130062918742;0.0106510456305666;2.94928849067404;0.00318506505358607;0.0279220135190117;0.0106412064991916;2.62395185368622;0.00869160705755112
h2.Year_2013;0.0286597665290627;0.00940249556254501;3.04810210634178;0.00230291663528481;0.0260497321083904;0.00943011757078092;2.7623973840056;0.00573785951829131
h2.Year_2014;0.0359013508513251;0.00906966992698133;3.9583966274806;7.54545846133325e-05;0.0340385312715826;0.00911209016190145;3.73553495046626;0.000187316559999484
h2.Year_2015;0.032860362526083;0.00804281438902352;4.08567958138253;4.39479934202236e-05;0.0323243615182463;0.00808271378350803;3.99919660451183;6.3557866732511e-05
h2.Year_2017;-0.020812462342363;0.00826702088333655;-2.51752870061254;0.0118181340601247;-0.0198486806060424;0.00831059548477892;-2.38835840853953;0.0169238282168556
h2.Year_2018;-0.0142021701626958;0.00862517846383705;-1.6465943542202;0.0996414516882123;-0.0122595503401158;0.0086721996361741;-1.41366099195616;0.157461463843727
Sd;0.162614600772996;0.001270627482198;127.979760434346;0;0.197146888449891;0.00574476906852825;34.3176350690799;0
Log-likelihood;-19229.7214920808;NA;NA;NA;-19186.7706922792;NA;NA;NA
McFadden Pseudo-R2;0.285699845790737;NA;NA;NA;0.287295280385788;NA;NA;NA
(RÂ²);-13780497697722096;NA;NA;NA;-97092307647211.2;NA;NA;NA