"outcome","stage","var_full","var_pretty","var_raw","estimate_han","pvalue_han","sig_han","estimate_bert","pvalue_bert","sig_bert","missing_han","missing_bert","skipped","lost_sig","sign_change","gained_sig","selected"
"adapt","aux","corr12","corr12","corr12",0.422485500786909,3.64677177344674e-11,TRUE,-0.87973247071428,0,TRUE,FALSE,FALSE,TRUE,FALSE,TRUE,FALSE,FALSE
"adapt","h1","h1.(Intercept)","(Intercept)","(Intercept)",-3.07623212275808,4.89592810737349e-11,TRUE,-0.209345809211224,0.712290169717612,FALSE,FALSE,FALSE,TRUE,TRUE,FALSE,FALSE,FALSE
"adapt","h1","h1.Colonial Ties","Colonial Ties","colony",0.507121924626166,0,TRUE,0.0331326248004729,0.509649588343488,FALSE,FALSE,FALSE,FALSE,TRUE,FALSE,FALSE,TRUE
"adapt","h1","h1.Common Language","Common Language","comlang",0.545681331628381,0,TRUE,0.0730762430137064,0.0454332856743376,TRUE,FALSE,FALSE,FALSE,FALSE,FALSE,FALSE,FALSE
"adapt","h1","h1.Common Religion","Common Religion","comrelig",0.579931919987693,0,TRUE,-0.0528787944356621,0.515391413051835,FALSE,FALSE,FALSE,FALSE,TRUE,FALSE,FALSE,TRUE
"adapt","h1","h1.CPIAbudget","CPIAbudget","CPIAbudget",0.0607230126489418,0.000543246406736086,TRUE,-0.0919805436746093,0.00402297653577111,TRUE,FALSE,FALSE,FALSE,FALSE,TRUE,FALSE,TRUE
"adapt","h1","h1.CPIAPublicAdm","CPIAPublicAdm","CPIAPublicAdm",0.112469349032966,1.46632928021972e-08,TRUE,0.210350642526596,1.64626734466822e-09,TRUE,FALSE,FALSE,FALSE,FALSE,FALSE,FALSE,FALSE
"adapt","h1","h1.Distance","Distance","distw",-0.388375822231686,0,TRUE,-0.0241902633973626,0.44199335682515,FALSE,FALSE,FALSE,FALSE,TRUE,FALSE,FALSE,TRUE
"adapt","h1","h1.EIA","EIA","EIA",0.0268358992000404,0.000877341048145519,TRUE,-0.0136297819196891,0.282687818106105,FALSE,FALSE,FALSE,FALSE,TRUE,FALSE,FALSE,TRUE
"adapt","h1","h1.Investment Agreement","Investment Agreement","InvestAgree",0.0974653571486186,4.33091296159205e-08,TRUE,0.0853134740144993,0.00289869822318667,TRUE,FALSE,FALSE,FALSE,FALSE,FALSE,FALSE,FALSE
"adapt","h1","h1.MDBDummy","MDBDummy","MDBDummy",0.392183842420519,0,TRUE,0.00438791605878903,0.348252348325758,FALSE,FALSE,FALSE,FALSE,TRUE,FALSE,FALSE,TRUE
"adapt","h1","h1.INDC15","INDC15","NDC15",-0.0792556874092448,0.378933732445154,FALSE,-0.284678374564915,0.0619410287135962,FALSE,FALSE,FALSE,FALSE,FALSE,FALSE,FALSE,FALSE
"adapt","h1","h1.INDC16","INDC16","NDC16",-0.221666118601288,1.61426427780498e-13,TRUE,-0.00437245868932353,0.911115880754113,FALSE,FALSE,FALSE,FALSE,TRUE,FALSE,FALSE,TRUE
"adapt","h1","h1.INDC17","INDC17","NDC17",-0.141139947832549,0.000100459702894851,TRUE,-0.0640583307594485,0.159647782458558,FALSE,FALSE,FALSE,FALSE,TRUE,FALSE,FALSE,TRUE
"adapt","h1","h1.INDC18","INDC18","NDC18",0.134264210330345,0.00603290599391948,TRUE,-0.261849331940827,3.28272380591965e-05,TRUE,FALSE,FALSE,FALSE,FALSE,TRUE,FALSE,TRUE
"adapt","h1","h1.NDCActOnly","NDCActOnly","NDCActOnly",0.311612650620893,0,TRUE,0.0367132445432828,0.275492646008195,FALSE,FALSE,FALSE,FALSE,TRUE,FALSE,FALSE,TRUE
"adapt","h1","h1.NDCnonGHG","NDCnonGHG","NDCnonGHG",0.0558718510172432,0.00283660328594992,TRUE,-0.0725617440387721,0.0108775823859677,TRUE,FALSE,FALSE,FALSE,FALSE,TRUE,FALSE,TRUE
"adapt","h1","h1.Provider GDP","Provider GDP","ProviderGDPtot",0.371382281218298,5.3732533502604e-06,TRUE,-0.078770844534582,0.493986478945745,FALSE,FALSE,FALSE,FALSE,TRUE,FALSE,FALSE,TRUE
"adapt","h1","h1.ProviderISO_ARE","ProviderISO_ARE","ProviderISO_ARE",-0.810996699092274,0.0477768259448657,TRUE,NA,NA,FALSE,FALSE,TRUE,TRUE,TRUE,FALSE,FALSE,FALSE
"adapt","h1","h1.ProviderISO_AUS","ProviderISO_AUS","ProviderISO_AUS",1.36424922643689,0.00110537007397427,TRUE,0.65303318872229,0.115409806049613,FALSE,FALSE,FALSE,TRUE,TRUE,FALSE,FALSE,FALSE
"adapt","h1","h1.ProviderISO_AUT","ProviderISO_AUT","ProviderISO_AUT",0.776524795826133,0.0457786379957859,TRUE,-0.323147159350153,0.333161389219873,FALSE,FALSE,FALSE,TRUE,TRUE,FALSE,FALSE,FALSE
"adapt","h1","h1.ProviderISO_BEL","ProviderISO_BEL","ProviderISO_BEL",1.37288710857785,0.000442658765222426,TRUE,0.188988035418545,0.580443207024687,FALSE,FALSE,FALSE,TRUE,TRUE,FALSE,FALSE,FALSE
"adapt","h1","h1.ProviderISO_CAN","ProviderISO_CAN","ProviderISO_CAN",0.76590616749306,0.0592861093041483,FALSE,0.117947146385567,0.767834139454008,FALSE,FALSE,FALSE,TRUE,FALSE,FALSE,FALSE,FALSE
"adapt","h1","h1.ProviderISO_CHE","ProviderISO_CHE","ProviderISO_CHE",0.947505359563538,0.0209583607377761,TRUE,-0.356851472846345,0.341576025186595,FALSE,FALSE,FALSE,TRUE,TRUE,FALSE,FALSE,FALSE
"adapt","h1","h1.ProviderISO_CZE","ProviderISO_CZE","ProviderISO_CZE",1.01896314765802,0.00474175100865293,TRUE,0.324630805640604,0.28684981382497,FALSE,FALSE,FALSE,TRUE,TRUE,FALSE,FALSE,FALSE
"adapt","h1","h1.ProviderISO_DEU","ProviderISO_DEU","ProviderISO_DEU",1.19418740223336,0.000970274557804185,TRUE,0.107260291157712,0.773700891156352,FALSE,FALSE,FALSE,TRUE,TRUE,FALSE,FALSE,FALSE
"adapt","h1","h1.ProviderISO_DNK","ProviderISO_DNK","ProviderISO_DNK",0.864729199024316,0.0246384596226774,TRUE,-0.837937728702596,0.00923166633008932,TRUE,FALSE,FALSE,TRUE,FALSE,TRUE,FALSE,FALSE
"adapt","h1","h1.ProviderISO_ESP","ProviderISO_ESP","ProviderISO_ESP",1.01390342584024,0.00647465847630757,TRUE,-0.0351782507718422,0.921252230273066,FALSE,FALSE,FALSE,TRUE,TRUE,FALSE,FALSE,FALSE
"adapt","h1","h1.ProviderISO_FIN","ProviderISO_FIN","ProviderISO_FIN",1.38292590542039,0.000224456707581311,TRUE,-0.37067391806667,0.219037510405771,FALSE,FALSE,FALSE,TRUE,TRUE,FALSE,FALSE,FALSE
"adapt","h1","h1.ProviderISO_FRA","ProviderISO_FRA","ProviderISO_FRA",0.264073897694338,0.479311839743493,FALSE,0.0996255978355779,0.792218855241637,FALSE,FALSE,FALSE,TRUE,FALSE,FALSE,FALSE,FALSE
"adapt","h1","h1.ProviderISO_GBR","ProviderISO_GBR","ProviderISO_GBR",0.151773023473757,0.688710805231534,FALSE,0.511551406926637,0.18340939234619,FALSE,FALSE,FALSE,TRUE,FALSE,FALSE,FALSE,FALSE
"adapt","h1","h1.ProviderISO_GRC","ProviderISO_GRC","ProviderISO_GRC",-0.0578131184458485,0.879856414576352,FALSE,NA,NA,FALSE,FALSE,TRUE,TRUE,FALSE,FALSE,FALSE,FALSE
"adapt","h1","h1.ProviderISO_IRL","ProviderISO_IRL","ProviderISO_IRL",1.41163329327461,0.000192231912298002,TRUE,0.612288128686641,0.0519128498314847,FALSE,FALSE,FALSE,TRUE,TRUE,FALSE,FALSE,FALSE
"adapt","h1","h1.ProviderISO_ISL","ProviderISO_ISL","ProviderISO_ISL",1.60949516613326,4.36981967877337e-06,TRUE,NA,NA,FALSE,FALSE,TRUE,TRUE,TRUE,FALSE,FALSE,FALSE
"adapt","h1","h1.ProviderISO_ITA","ProviderISO_ITA","ProviderISO_ITA",0.764822900691585,0.0386370688157589,TRUE,0.0187243207461656,0.959184879377419,FALSE,FALSE,FALSE,TRUE,TRUE,FALSE,FALSE,FALSE
"adapt","h1","h1.ProviderISO_JPN","ProviderISO_JPN","ProviderISO_JPN",1.16900601542012,7.40105221574971e-05,TRUE,0.0601441006001478,0.850389295002544,FALSE,FALSE,FALSE,TRUE,TRUE,FALSE,FALSE,FALSE
"adapt","h1","h1.ProviderISO_KOR","ProviderISO_KOR","ProviderISO_KOR",1.52968512109648,2.96601305662669e-05,TRUE,0.32353941696334,0.353991522667307,FALSE,FALSE,FALSE,TRUE,TRUE,FALSE,FALSE,FALSE
"adapt","h1","h1.ProviderISO_LUX","ProviderISO_LUX","ProviderISO_LUX",1.47010242844413,2.32407898670406e-05,TRUE,0.0367337529270148,0.882427021136584,FALSE,FALSE,FALSE,TRUE,TRUE,FALSE,FALSE,FALSE
"adapt","h1","h1.ProviderISO_NLD","ProviderISO_NLD","ProviderISO_NLD",0.712802226514063,0.0786267611219384,FALSE,-0.327497748187708,0.404644272256196,FALSE,FALSE,FALSE,TRUE,FALSE,FALSE,FALSE,FALSE
"adapt","h1","h1.ProviderISO_NOR","ProviderISO_NOR","ProviderISO_NOR",1.61821895533616,4.46837769250141e-05,TRUE,0.228578649426546,0.500138282177727,FALSE,FALSE,FALSE,TRUE,TRUE,FALSE,FALSE,FALSE
"adapt","h1","h1.ProviderISO_NZL","ProviderISO_NZL","ProviderISO_NZL",0.885858300040838,0.0161711299062046,TRUE,-0.593112336411591,0.0458807001514252,TRUE,FALSE,FALSE,TRUE,FALSE,TRUE,FALSE,FALSE
"adapt","h1","h1.ProviderISO_POL","ProviderISO_POL","ProviderISO_POL",0.365761234311445,0.294496157386846,FALSE,NA,NA,FALSE,FALSE,TRUE,TRUE,FALSE,FALSE,FALSE,FALSE
"adapt","h1","h1.ProviderISO_PRT","ProviderISO_PRT","ProviderISO_PRT",0.489624775270785,0.180172969748562,FALSE,0.957242719037889,0.00235406348737199,TRUE,FALSE,FALSE,TRUE,FALSE,FALSE,TRUE,FALSE
"adapt","h1","h1.ProviderISO_SVN","ProviderISO_SVN","ProviderISO_SVN",0.663769948549567,0.0631785904472693,FALSE,NA,NA,FALSE,FALSE,TRUE,TRUE,FALSE,FALSE,FALSE,FALSE
"adapt","h1","h1.ProviderISO_SWE","ProviderISO_SWE","ProviderISO_SWE",1.41081785721822,0.000380724077323258,TRUE,-0.230599300097025,0.509339641609923,FALSE,FALSE,FALSE,TRUE,TRUE,FALSE,FALSE,FALSE
"adapt","h1","h1.Provider Population","Provider Population","ProviderPop",1.326237764868,0.494574681858179,FALSE,0.862170617473007,0.704299466355098,FALSE,FALSE,FALSE,FALSE,FALSE,FALSE,FALSE,FALSE
"adapt","h1","h1.Recipient GDP","Recipient GDP","RecipientGDPtot",0.196670233539245,0,TRUE,0.0891074722062487,0,TRUE,FALSE,FALSE,FALSE,FALSE,FALSE,FALSE,FALSE
"adapt","h1","h1.Recipient Population","Recipient Population","RecipientPop",-0.252601666770981,5.36825320183176e-05,TRUE,-0.109899263995474,0.292480175799891,FALSE,FALSE,FALSE,FALSE,TRUE,FALSE,FALSE,TRUE
"adapt","h1","h1.WRI (Vulnerability)","WRI (Vulnerability)","WRI",1.51580921416835,0,TRUE,1.20601908522799,6.41704557891032e-06,TRUE,FALSE,FALSE,FALSE,FALSE,FALSE,FALSE,FALSE
"adapt","h1","h1.wto","wto","wto",-0.126662364536189,4.66682248401185e-11,TRUE,-0.169960767360468,6.03141708577226e-06,TRUE,FALSE,FALSE,FALSE,FALSE,FALSE,FALSE,FALSE
"adapt","h2","h2.(Intercept)","(Intercept)","(Intercept)",-2.08871496603352,1.48671230555397e-05,TRUE,0.849850065695585,1.22851208295138e-06,TRUE,FALSE,FALSE,TRUE,FALSE,TRUE,FALSE,FALSE
"adapt","h2","h2.Agri","Agri","Agri",0.0238495755274146,5.00245300893987e-06,TRUE,NA,NA,FALSE,FALSE,TRUE,TRUE,TRUE,FALSE,FALSE,FALSE
"adapt","h2","h2.Colonial Ties","Colonial Ties","colony",0.0655576979752553,4.20624592933905e-08,TRUE,0.0554723124321961,1.27887119449888e-06,TRUE,FALSE,FALSE,FALSE,FALSE,FALSE,FALSE,FALSE
"adapt","h2","h2.Common Language","Common Language","comlang",0.0604854302757396,8.52251602623255e-12,TRUE,0.0117176064295176,0.182468192468856,FALSE,FALSE,FALSE,FALSE,TRUE,FALSE,FALSE,TRUE
"adapt","h2","h2.Common Religion","Common Religion","comrelig",0.0794236952027453,0.000207936946628351,TRUE,0.000162725275840729,0.994888507382242,FALSE,FALSE,FALSE,FALSE,TRUE,FALSE,FALSE,TRUE
"adapt","h2","h2.CPIAbudget","CPIAbudget","CPIAbudget",0.00753809583377788,0.381227620976036,FALSE,0.0265065862342497,0.00835011370263539,TRUE,FALSE,FALSE,FALSE,FALSE,FALSE,TRUE,TRUE
"adapt","h2","h2.CPIAPublicAdm","CPIAPublicAdm","CPIAPublicAdm",0.0275114828014708,0.0419005657469338,TRUE,-0.0414837907587375,0.00169264457474982,TRUE,FALSE,FALSE,FALSE,FALSE,TRUE,FALSE,TRUE
"adapt","h2","h2.Disaster","Disaster","Disaster",-0.0390288866064932,4.15934056507972e-06,TRUE,NA,NA,FALSE,FALSE,TRUE,TRUE,TRUE,FALSE,FALSE,FALSE
"adapt","h2","h2.Distance","Distance","distw",-0.0700599336001205,0,TRUE,-0.0450708802113612,9.53065599773595e-08,TRUE,FALSE,FALSE,FALSE,FALSE,FALSE,FALSE,FALSE
"adapt","h2","h2.EIA","EIA","EIA",0.00187744761112104,0.50490039768252,FALSE,0.00928608881374282,0.0076752991124398,TRUE,FALSE,FALSE,FALSE,FALSE,FALSE,TRUE,TRUE
"adapt","h2","h2.EnvProtect","EnvProtect","EnvProtect",-0.0534464240746941,0,TRUE,NA,NA,FALSE,FALSE,TRUE,TRUE,TRUE,FALSE,FALSE,FALSE
"adapt","h2","h2.Investment Agreement","Investment Agreement","InvestAgree",0.0183946890949698,0.000872731289625728,TRUE,0.00434503111667691,0.534666780352017,FALSE,FALSE,FALSE,FALSE,TRUE,FALSE,FALSE,TRUE
"adapt","h2","h2.MDBDummy","MDBDummy","MDBDummy",0.0267208013207874,1.65054451339852e-05,TRUE,-0.00255258699575094,0.024588331817528,TRUE,FALSE,FALSE,FALSE,FALSE,TRUE,FALSE,TRUE
"adapt","h2","h2.MultiSec","MultiSec","MultiSec",-0.0202787245130948,0.00163352739063871,TRUE,NA,NA,FALSE,FALSE,TRUE,TRUE,TRUE,FALSE,FALSE,FALSE
"adapt","h2","h2.Provider debt to GDP","Provider debt to GDP","Providerdebt",-0.087366392496456,0.0134988057453953,TRUE,0.131440556610761,0.00259031546883137,TRUE,FALSE,FALSE,FALSE,FALSE,TRUE,FALSE,TRUE
"adapt","h2","h2.Provider fiscal Bal","Provider fiscal Bal","ProviderfisB",-0.334038691097485,0.00930342547279883,TRUE,-0.256447914283276,0.0912637765182178,FALSE,FALSE,FALSE,FALSE,TRUE,FALSE,FALSE,TRUE
"adapt","h2","h2.Provider GDP","Provider GDP","ProviderGDPtot",0.20563134290049,5.34553290520989e-10,TRUE,0.187107637092052,1.46003284773322e-06,TRUE,FALSE,FALSE,FALSE,FALSE,FALSE,FALSE,FALSE
"adapt","h2","h2.ProviderISO_ARE","ProviderISO_ARE","ProviderISO_ARE",2.21651001481597,1.77987805138891e-06,TRUE,NA,NA,FALSE,FALSE,TRUE,TRUE,TRUE,FALSE,FALSE,FALSE
"adapt","h2","h2.ProviderISO_AUS","ProviderISO_AUS","ProviderISO_AUS",1.79663460881394,5.86265197140001e-05,TRUE,-0.529670002516008,0.000195141823788214,TRUE,FALSE,FALSE,TRUE,FALSE,TRUE,FALSE,FALSE
"adapt","h2","h2.ProviderISO_AUT","ProviderISO_AUT","ProviderISO_AUT",2.02610234116348,1.20761584778695e-05,TRUE,-0.29548847429407,0.0088707947342539,TRUE,FALSE,FALSE,TRUE,FALSE,TRUE,FALSE,FALSE
"adapt","h2","h2.ProviderISO_BEL","ProviderISO_BEL","ProviderISO_BEL",2.06681612942836,7.78786237076723e-06,TRUE,-0.418833466189893,0.000599740901103818,TRUE,FALSE,FALSE,TRUE,FALSE,TRUE,FALSE,FALSE
"adapt","h2","h2.ProviderISO_CAN","ProviderISO_CAN","ProviderISO_CAN",1.60544369140402,0.000192263567437845,TRUE,-0.485089984452164,0.000411467047933156,TRUE,FALSE,FALSE,TRUE,FALSE,TRUE,FALSE,FALSE
"adapt","h2","h2.ProviderISO_CHE","ProviderISO_CHE","ProviderISO_CHE",2.033703568034,1.1810895440556e-05,TRUE,-0.175769362356178,0.160107929122633,FALSE,FALSE,FALSE,TRUE,TRUE,FALSE,FALSE,FALSE
"adapt","h2","h2.ProviderISO_CZE","ProviderISO_CZE","ProviderISO_CZE",2.075281569648,4.82944151025677e-06,TRUE,-0.357860386919025,8.02417670844324e-05,TRUE,FALSE,FALSE,TRUE,FALSE,TRUE,FALSE,FALSE
"adapt","h2","h2.ProviderISO_DEU","ProviderISO_DEU","ProviderISO_DEU",1.45492445596359,6.60456362839845e-05,TRUE,-0.412913126595241,0.00122629260410911,TRUE,FALSE,FALSE,TRUE,FALSE,TRUE,FALSE,FALSE
"adapt","h2","h2.ProviderISO_DNK","ProviderISO_DNK","ProviderISO_DNK",2.20750486876563,1.97287387426748e-06,TRUE,0.0239292053158259,0.818911006524521,FALSE,FALSE,FALSE,TRUE,TRUE,FALSE,FALSE,FALSE
"adapt","h2","h2.ProviderISO_ESP","ProviderISO_ESP","ProviderISO_ESP",1.61345575186887,9.81817073273383e-05,TRUE,-0.555119624105612,1.70062888691369e-05,TRUE,FALSE,FALSE,TRUE,FALSE,TRUE,FALSE,FALSE
"adapt","h2","h2.ProviderISO_FIN","ProviderISO_FIN","ProviderISO_FIN",2.18736058934836,2.38626816195797e-06,TRUE,-0.261689237465251,0.00801528247660666,TRUE,FALSE,FALSE,TRUE,FALSE,TRUE,FALSE,FALSE
"adapt","h2","h2.ProviderISO_FRA","ProviderISO_FRA","ProviderISO_FRA",1.34792244222336,0.000533306299473901,TRUE,-0.664384997393036,9.19004079724672e-07,TRUE,FALSE,FALSE,TRUE,FALSE,TRUE,FALSE,FALSE
"adapt","h2","h2.ProviderISO_GBR","ProviderISO_GBR","ProviderISO_GBR",1.45974406668578,0.000200777997713342,TRUE,-0.59057883255453,2.64793815247799e-05,TRUE,FALSE,FALSE,TRUE,FALSE,TRUE,FALSE,FALSE
"adapt","h2","h2.ProviderISO_GRC","ProviderISO_GRC","ProviderISO_GRC",1.83330587813086,8.85311721354753e-05,TRUE,NA,NA,FALSE,FALSE,TRUE,TRUE,TRUE,FALSE,FALSE,FALSE
"adapt","h2","h2.ProviderISO_IRL","ProviderISO_IRL","ProviderISO_IRL",2.20780257780784,2.46881239895913e-06,TRUE,-0.43212389617747,9.02858480735791e-05,TRUE,FALSE,FALSE,TRUE,FALSE,TRUE,FALSE,FALSE
"adapt","h2","h2.ProviderISO_ISL","ProviderISO_ISL","ProviderISO_ISL",2.6996132813019,5.34587352163385e-09,TRUE,NA,NA,FALSE,FALSE,TRUE,TRUE,TRUE,FALSE,FALSE,FALSE
"adapt","h2","h2.ProviderISO_ITA","ProviderISO_ITA","ProviderISO_ITA",1.45217861848685,0.000285899894591601,TRUE,-0.622198742470187,8.07730160756748e-06,TRUE,FALSE,FALSE,TRUE,FALSE,TRUE,FALSE,FALSE
"adapt","h2","h2.ProviderISO_JPN","ProviderISO_JPN","ProviderISO_JPN",1.23639699226916,6.88220280211649e-05,TRUE,-0.474250148277724,0.000539935382773971,TRUE,FALSE,FALSE,TRUE,FALSE,TRUE,FALSE,FALSE
"adapt","h2","h2.ProviderISO_KOR","ProviderISO_KOR","ProviderISO_KOR",1.56644011653589,0.000103392308877126,TRUE,-0.538452185639813,4.93126090139739e-06,TRUE,FALSE,FALSE,TRUE,FALSE,TRUE,FALSE,FALSE
"adapt","h2","h2.ProviderISO_LTU","ProviderISO_LTU","ProviderISO_LTU",0.505537021759121,0.304765823240992,FALSE,NA,NA,FALSE,FALSE,TRUE,TRUE,FALSE,FALSE,FALSE,FALSE
"adapt","h2","h2.ProviderISO_LUX","ProviderISO_LUX","ProviderISO_LUX",2.4139074608353,1.73957670490665e-07,TRUE,0.00478618628279661,0.941620036434927,FALSE,FALSE,FALSE,TRUE,TRUE,FALSE,FALSE,FALSE
"adapt","h2","h2.ProviderISO_LVA","ProviderISO_LVA","ProviderISO_LVA",3.13075178822571,4.32331948019282e-11,TRUE,NA,NA,FALSE,FALSE,TRUE,TRUE,TRUE,FALSE,FALSE,FALSE
"adapt","h2","h2.ProviderISO_NLD","ProviderISO_NLD","ProviderISO_NLD",2.03605171190483,7.98283757696971e-06,TRUE,-0.32648877332034,0.014187881401174,TRUE,FALSE,FALSE,TRUE,FALSE,TRUE,FALSE,FALSE
"adapt","h2","h2.ProviderISO_NOR","ProviderISO_NOR","ProviderISO_NOR",2.11772156304477,5.36394486805314e-06,TRUE,-0.271507127029406,0.0122116774811496,TRUE,FALSE,FALSE,TRUE,FALSE,TRUE,FALSE,FALSE
"adapt","h2","h2.ProviderISO_NZL","ProviderISO_NZL","ProviderISO_NZL",2.23490352710232,1.33766477938835e-06,TRUE,-0.0495052480574032,0.587946758979948,FALSE,FALSE,FALSE,TRUE,TRUE,FALSE,FALSE,FALSE
"adapt","h2","h2.ProviderISO_POL","ProviderISO_POL","ProviderISO_POL",1.71876047207165,3.9016657718216e-05,TRUE,NA,NA,FALSE,FALSE,TRUE,TRUE,TRUE,FALSE,FALSE,FALSE
"adapt","h2","h2.ProviderISO_PRT","ProviderISO_PRT","ProviderISO_PRT",2.02776349817452,1.09031027888395e-05,TRUE,-0.577149162890314,7.40329666459871e-08,TRUE,FALSE,FALSE,TRUE,FALSE,TRUE,FALSE,FALSE
"adapt","h2","h2.ProviderISO_SVN","ProviderISO_SVN","ProviderISO_SVN",2.40096228559987,2.36954875276751e-07,TRUE,NA,NA,FALSE,FALSE,TRUE,TRUE,TRUE,FALSE,FALSE,FALSE
"adapt","h2","h2.ProviderISO_SWE","ProviderISO_SWE","ProviderISO_SWE",2.1412790849707,3.51218294358802e-06,TRUE,-0.239420270777535,0.0417697382323305,TRUE,FALSE,FALSE,TRUE,FALSE,TRUE,FALSE,FALSE
"adapt","h2","h2.Provider Population","Provider Population","ProviderPop",4.64880884077609,0.00466137874949557,TRUE,-3.03571309283879,0.000238454235973018,TRUE,FALSE,FALSE,FALSE,FALSE,TRUE,FALSE,TRUE
"adapt","h2","h2.Recipient debt to GDP","Recipient debt to GDP","Recipientdebt",0.0283799243978225,0.243188528817263,FALSE,-0.086878953705597,0.00020739621570276,TRUE,FALSE,FALSE,FALSE,FALSE,FALSE,TRUE,TRUE
"adapt","h2","h2.Recipient Fiscal Bal","Recipient Fiscal Bal","RecipientfisB",-0.0448303866149535,0.52400576837374,FALSE,-0.15447514134628,0.0571067120406712,FALSE,FALSE,FALSE,FALSE,FALSE,FALSE,FALSE,FALSE
"adapt","h2","h2.Recipient GDP","Recipient GDP","RecipientGDPtot",0.0189050345510371,0.296186821855931,FALSE,-0.0287155270363534,0.00236060883920208,TRUE,FALSE,FALSE,FALSE,FALSE,FALSE,TRUE,TRUE
"adapt","h2","h2.RecipientISO_AFG","RecipientISO_AFG","RecipientISO_AFG",0.131292089511253,0.0105194895639382,TRUE,NA,NA,FALSE,FALSE,TRUE,TRUE,TRUE,FALSE,FALSE,FALSE
"adapt","h2","h2.RecipientISO_AGO","RecipientISO_AGO","RecipientISO_AGO",-0.0685568780288833,0.360166842675727,FALSE,NA,NA,FALSE,FALSE,TRUE,TRUE,FALSE,FALSE,FALSE,FALSE
"adapt","h2","h2.RecipientISO_BDI","RecipientISO_BDI","RecipientISO_BDI",0.0301365166766012,0.558074768952815,FALSE,0.0196559449696421,0.512196573906533,FALSE,FALSE,FALSE,TRUE,FALSE,FALSE,FALSE,FALSE
"adapt","h2","h2.RecipientISO_BEN","RecipientISO_BEN","RecipientISO_BEN",0.00183019651900232,0.965187777634014,FALSE,0.178649641517694,1.4122036873232e-13,TRUE,FALSE,FALSE,TRUE,FALSE,FALSE,TRUE,FALSE
"adapt","h2","h2.RecipientISO_BFA","RecipientISO_BFA","RecipientISO_BFA",0.036153174568865,0.373106311351233,FALSE,0.0446510500230004,0.0478067105679718,TRUE,FALSE,FALSE,TRUE,FALSE,FALSE,TRUE,FALSE
"adapt","h2","h2.RecipientISO_BGD","RecipientISO_BGD","RecipientISO_BGD",0.193397688094947,0.115491513542093,FALSE,0.0160561899766749,0.89482857485788,FALSE,FALSE,FALSE,TRUE,FALSE,FALSE,FALSE,FALSE
"adapt","h2","h2.RecipientISO_BIH","RecipientISO_BIH","RecipientISO_BIH",-0.065809235229515,0.31307014027068,FALSE,NA,NA,FALSE,FALSE,TRUE,TRUE,FALSE,FALSE,FALSE,FALSE
"adapt","h2","h2.RecipientISO_BTN","RecipientISO_BTN","RecipientISO_BTN",-0.0771952704349842,0.157019941441862,FALSE,0.0810110139256963,0.0298233247604396,TRUE,FALSE,FALSE,TRUE,FALSE,FALSE,TRUE,FALSE
"adapt","h2","h2.RecipientISO_CAF","RecipientISO_CAF","RecipientISO_CAF",-0.0240549063915582,0.685591388782164,FALSE,NA,NA,FALSE,FALSE,TRUE,TRUE,FALSE,FALSE,FALSE,FALSE
"adapt","h2","h2.RecipientISO_CIV","RecipientISO_CIV","RecipientISO_CIV",-0.035009381006144,0.500472379476358,FALSE,-0.0176077563103081,0.580715489696805,FALSE,FALSE,FALSE,TRUE,FALSE,FALSE,FALSE,FALSE
"adapt","h2","h2.RecipientISO_CMR","RecipientISO_CMR","RecipientISO_CMR",-0.00398253792415808,0.933495110581249,FALSE,-0.0286238993102323,0.324731964990028,FALSE,FALSE,FALSE,TRUE,FALSE,FALSE,FALSE,FALSE
"adapt","h2","h2.RecipientISO_COM","RecipientISO_COM","RecipientISO_COM",0.0280355893518802,0.710459567531002,FALSE,NA,NA,FALSE,FALSE,TRUE,TRUE,FALSE,FALSE,FALSE,FALSE
"adapt","h2","h2.RecipientISO_CPV","RecipientISO_CPV","RecipientISO_CPV",-0.0612879510877204,0.266225896444856,FALSE,NA,NA,FALSE,FALSE,TRUE,TRUE,FALSE,FALSE,FALSE,FALSE
"adapt","h2","h2.RecipientISO_DJI","RecipientISO_DJI","RecipientISO_DJI",0.00764300727045778,0.900847457825642,FALSE,NA,NA,FALSE,FALSE,TRUE,TRUE,FALSE,FALSE,FALSE,FALSE
"adapt","h2","h2.RecipientISO_ERI","RecipientISO_ERI","RecipientISO_ERI",-0.072250480581928,0.567927492890462,FALSE,NA,NA,FALSE,FALSE,TRUE,TRUE,FALSE,FALSE,FALSE,FALSE
"adapt","h2","h2.RecipientISO_ETH","RecipientISO_ETH","RecipientISO_ETH",0.153905844535697,0.0584267710065058,FALSE,0.0548597407144376,0.453729602012632,FALSE,FALSE,FALSE,TRUE,FALSE,FALSE,FALSE,FALSE
"adapt","h2","h2.RecipientISO_GEO","RecipientISO_GEO","RecipientISO_GEO",0.0448299778539406,0.364096895100753,FALSE,NA,NA,FALSE,FALSE,TRUE,TRUE,FALSE,FALSE,FALSE,FALSE
"adapt","h2","h2.RecipientISO_GHA","RecipientISO_GHA","RecipientISO_GHA",-0.014599398236944,0.77382747806631,FALSE,-0.00815823926166649,0.771306445313284,FALSE,FALSE,FALSE,TRUE,FALSE,FALSE,FALSE,FALSE
"adapt","h2","h2.RecipientISO_GIN","RecipientISO_GIN","RecipientISO_GIN",-0.0650834076704918,0.153472850564035,FALSE,NA,NA,FALSE,FALSE,TRUE,TRUE,FALSE,FALSE,FALSE,FALSE
"adapt","h2","h2.RecipientISO_GMB","RecipientISO_GMB","RecipientISO_GMB",-0.138698239178597,0.0213003652639896,TRUE,NA,NA,FALSE,FALSE,TRUE,TRUE,TRUE,FALSE,FALSE,FALSE
"adapt","h2","h2.RecipientISO_GNB","RecipientISO_GNB","RecipientISO_GNB",0.0066080376250285,0.916220718672049,FALSE,NA,NA,FALSE,FALSE,TRUE,TRUE,FALSE,FALSE,FALSE,FALSE
"adapt","h2","h2.RecipientISO_GRD","RecipientISO_GRD","RecipientISO_GRD",-0.125733616617379,0.0734164676011624,FALSE,NA,NA,FALSE,FALSE,TRUE,TRUE,FALSE,FALSE,FALSE,FALSE
"adapt","h2","h2.RecipientISO_GUY","RecipientISO_GUY","RecipientISO_GUY",-0.100644828390975,0.0862611466464642,FALSE,NA,NA,FALSE,FALSE,TRUE,TRUE,FALSE,FALSE,FALSE,FALSE
"adapt","h2","h2.RecipientISO_HND","RecipientISO_HND","RecipientISO_HND",0.00550443754076263,0.900778279301791,FALSE,0.117644913648396,1.79496988561567e-06,TRUE,FALSE,FALSE,TRUE,FALSE,FALSE,TRUE,FALSE
"adapt","h2","h2.RecipientISO_HTI","RecipientISO_HTI","RecipientISO_HTI",0.0458341834725878,0.315314075683129,FALSE,0.0613489875342424,0.00389746377394795,TRUE,FALSE,FALSE,TRUE,FALSE,FALSE,TRUE,FALSE
"adapt","h2","h2.RecipientISO_IND","RecipientISO_IND","RecipientISO_IND",1.19849980607198,0.180026104984552,FALSE,-1.36671659840203,0.232787239215096,FALSE,FALSE,FALSE,TRUE,FALSE,FALSE,FALSE,FALSE
"adapt","h2","h2.RecipientISO_KEN","RecipientISO_KEN","RecipientISO_KEN",0.0637482458214191,0.259989718966703,FALSE,0.0736675373208873,0.0347773095766002,TRUE,FALSE,FALSE,TRUE,FALSE,FALSE,TRUE,FALSE
"adapt","h2","h2.RecipientISO_KGZ","RecipientISO_KGZ","RecipientISO_KGZ",-0.0233106086341345,0.607495159893229,FALSE,-0.20665236955958,4.44443348790458e-09,TRUE,FALSE,FALSE,TRUE,FALSE,FALSE,TRUE,FALSE
"adapt","h2","h2.RecipientISO_KHM","RecipientISO_KHM","RecipientISO_KHM",0.0695043866801398,0.142756392219803,FALSE,0.0825986004076263,0.000353894225253004,TRUE,FALSE,FALSE,TRUE,FALSE,FALSE,TRUE,FALSE
"adapt","h2","h2.RecipientISO_KIR","RecipientISO_KIR","RecipientISO_KIR",-0.00533047767132555,0.952536407861386,FALSE,-0.09764970985154,0.0105606872559267,TRUE,FALSE,FALSE,TRUE,FALSE,FALSE,TRUE,FALSE
"adapt","h2","h2.RecipientISO_LAO","RecipientISO_LAO","RecipientISO_LAO",0.0539993807653038,0.19397993188391,FALSE,-0.0291451130899543,0.219918534348931,FALSE,FALSE,FALSE,TRUE,FALSE,FALSE,FALSE,FALSE
"adapt","h2","h2.RecipientISO_LBR","RecipientISO_LBR","RecipientISO_LBR",0.032510215644193,0.553854896350658,FALSE,0.0633593748498884,0.0918840373122634,FALSE,FALSE,FALSE,TRUE,FALSE,FALSE,FALSE,FALSE
"adapt","h2","h2.RecipientISO_LKA","RecipientISO_LKA","RecipientISO_LKA",-0.0189171274687897,0.741277226652484,FALSE,0.0764994441462123,0.0235966353927839,TRUE,FALSE,FALSE,TRUE,FALSE,FALSE,TRUE,FALSE
"adapt","h2","h2.RecipientISO_LSO","RecipientISO_LSO","RecipientISO_LSO",-0.0373887462952179,0.506586989832665,FALSE,NA,NA,FALSE,FALSE,TRUE,TRUE,FALSE,FALSE,FALSE,FALSE
"adapt","h2","h2.RecipientISO_MDA","RecipientISO_MDA","RecipientISO_MDA",-0.0797525910943759,0.0716412138072005,FALSE,-0.0390986607023362,0.221083473734599,FALSE,FALSE,FALSE,TRUE,FALSE,FALSE,FALSE,FALSE
"adapt","h2","h2.RecipientISO_MDG","RecipientISO_MDG","RecipientISO_MDG",0.0461066602589001,0.375396166392922,FALSE,0.0201675697767087,0.475461267163952,FALSE,FALSE,FALSE,TRUE,FALSE,FALSE,FALSE,FALSE
"adapt","h2","h2.RecipientISO_MLI","RecipientISO_MLI","RecipientISO_MLI",0.0870137041153676,0.0387606907593969,TRUE,0.0729444933803892,0.000662581200502332,TRUE,FALSE,FALSE,TRUE,FALSE,FALSE,FALSE,FALSE
"adapt","h2","h2.RecipientISO_MMR","RecipientISO_MMR","RecipientISO_MMR",0.129254947412683,0.0296081000336483,TRUE,0.0320715346293229,0.40051750882471,FALSE,FALSE,FALSE,TRUE,TRUE,FALSE,FALSE,FALSE
"adapt","h2","h2.RecipientISO_MNG","RecipientISO_MNG","RecipientISO_MNG",-0.0262527451409412,0.535357695588237,FALSE,-0.0279547705476886,0.334370020557606,FALSE,FALSE,FALSE,TRUE,FALSE,FALSE,FALSE,FALSE
"adapt","h2","h2.RecipientISO_MOZ","RecipientISO_MOZ","RecipientISO_MOZ",0.11107420986928,0.0118059275716804,TRUE,0.10718153885115,1.06661146854758e-05,TRUE,FALSE,FALSE,TRUE,FALSE,FALSE,FALSE,FALSE
"adapt","h2","h2.RecipientISO_MRT","RecipientISO_MRT","RecipientISO_MRT",0.0790182952360098,0.0865123493624822,FALSE,0.0961243181734221,0.0116074722694592,TRUE,FALSE,FALSE,TRUE,FALSE,FALSE,TRUE,FALSE
"adapt","h2","h2.RecipientISO_MWI","RecipientISO_MWI","RecipientISO_MWI",0.0831149265533986,0.0594243659981055,FALSE,0.0724601099092831,0.00027419146847274,TRUE,FALSE,FALSE,TRUE,FALSE,FALSE,TRUE,FALSE
"adapt","h2","h2.RecipientISO_NER","RecipientISO_NER","RecipientISO_NER",0.061067380812574,0.161407526935113,FALSE,0.058839290663752,0.00709870650086275,TRUE,FALSE,FALSE,TRUE,FALSE,FALSE,TRUE,FALSE
"adapt","h2","h2.RecipientISO_NGA","RecipientISO_NGA","RecipientISO_NGA",0.161282813297115,0.245998844519966,FALSE,0.0344713052075956,0.820950859609349,FALSE,FALSE,FALSE,TRUE,FALSE,FALSE,FALSE,FALSE
"adapt","h2","h2.RecipientISO_NIC","RecipientISO_NIC","RecipientISO_NIC",-0.0119514429741784,0.785560307470232,FALSE,0.113153000553012,5.36028784692277e-07,TRUE,FALSE,FALSE,TRUE,FALSE,FALSE,TRUE,FALSE
"adapt","h2","h2.RecipientISO_NPL","RecipientISO_NPL","RecipientISO_NPL",0.0528375692618071,0.242179226448756,FALSE,0.0550820769501826,0.0235786072102362,TRUE,FALSE,FALSE,TRUE,FALSE,FALSE,TRUE,FALSE
"adapt","h2","h2.RecipientISO_PAK","RecipientISO_PAK","RecipientISO_PAK",0.147964701459833,0.316564088459313,FALSE,-0.168127449463505,0.293652339941376,FALSE,FALSE,FALSE,TRUE,FALSE,FALSE,FALSE,FALSE
"adapt","h2","h2.RecipientISO_PNG","RecipientISO_PNG","RecipientISO_PNG",-0.0629420635197557,0.205281396105575,FALSE,-0.0128082547810158,0.648407310681643,FALSE,FALSE,FALSE,TRUE,FALSE,FALSE,FALSE,FALSE
"adapt","h2","h2.RecipientISO_RWA","RecipientISO_RWA","RecipientISO_RWA",-0.00834567830193812,0.83986518730658,FALSE,0.080444238787252,0.00124217945845917,TRUE,FALSE,FALSE,TRUE,FALSE,FALSE,TRUE,FALSE
"adapt","h2","h2.RecipientISO_SDN","RecipientISO_SDN","RecipientISO_SDN",0.023839469684559,0.745391556303421,FALSE,0.10147709782165,0.0606640122435034,FALSE,FALSE,FALSE,TRUE,FALSE,FALSE,FALSE,FALSE
"adapt","h2","h2.RecipientISO_SEN","RecipientISO_SEN","RecipientISO_SEN",0.0288944961463441,0.488802941706621,FALSE,0.033597242667216,0.137876658647162,FALSE,FALSE,FALSE,TRUE,FALSE,FALSE,FALSE,FALSE
"adapt","h2","h2.RecipientISO_SLB","RecipientISO_SLB","RecipientISO_SLB",0.0235979029194492,0.722601792094271,FALSE,-0.0409149234915283,0.168776138367555,FALSE,FALSE,FALSE,TRUE,FALSE,FALSE,FALSE,FALSE
"adapt","h2","h2.RecipientISO_SLE","RecipientISO_SLE","RecipientISO_SLE",-0.0270612719692239,0.574656822706508,FALSE,NA,NA,FALSE,FALSE,TRUE,TRUE,FALSE,FALSE,FALSE,FALSE
"adapt","h2","h2.RecipientISO_STP","RecipientISO_STP","RecipientISO_STP",-0.114336912590793,0.228306163282751,FALSE,NA,NA,FALSE,FALSE,TRUE,TRUE,FALSE,FALSE,FALSE,FALSE
"adapt","h2","h2.RecipientISO_TCD","RecipientISO_TCD","RecipientISO_TCD",0.0245570861369775,0.598716149275533,FALSE,0.075069351795055,0.0171758865590079,TRUE,FALSE,FALSE,TRUE,FALSE,FALSE,TRUE,FALSE
"adapt","h2","h2.RecipientISO_TGO","RecipientISO_TGO","RecipientISO_TGO",-0.056910871488263,0.233055921506172,FALSE,NA,NA,FALSE,FALSE,TRUE,TRUE,FALSE,FALSE,FALSE,FALSE
"adapt","h2","h2.RecipientISO_TJK","RecipientISO_TJK","RecipientISO_TJK",-0.0426774195261057,0.333356042178308,FALSE,-0.0513966447478539,0.0162270719682773,TRUE,FALSE,FALSE,TRUE,FALSE,FALSE,TRUE,FALSE
"adapt","h2","h2.RecipientISO_TON","RecipientISO_TON","RecipientISO_TON",-0.0507156325432037,0.537054628446473,FALSE,0.0674983844845354,0.026550545774789,TRUE,FALSE,FALSE,TRUE,FALSE,FALSE,TRUE,FALSE
"adapt","h2","h2.RecipientISO_TZA","RecipientISO_TZA","RecipientISO_TZA",0.0847033336497305,0.133632188000425,FALSE,-0.0149083462566106,0.693483385726243,FALSE,FALSE,FALSE,TRUE,FALSE,FALSE,FALSE,FALSE
"adapt","h2","h2.RecipientISO_UGA","RecipientISO_UGA","RecipientISO_UGA",0.0824036136677226,0.0869366117940373,FALSE,-0.000625426523994822,0.983033219425687,FALSE,FALSE,FALSE,TRUE,FALSE,FALSE,FALSE,FALSE
"adapt","h2","h2.RecipientISO_UZB","RecipientISO_UZB","RecipientISO_UZB",-0.00180107357808665,0.976405704770231,FALSE,NA,NA,FALSE,FALSE,TRUE,TRUE,FALSE,FALSE,FALSE,FALSE
"adapt","h2","h2.RecipientISO_VNM","RecipientISO_VNM","RecipientISO_VNM",0.131633533020425,0.126250451671752,FALSE,0.200581977322738,0.0027005906907247,TRUE,FALSE,FALSE,TRUE,FALSE,FALSE,TRUE,FALSE
"adapt","h2","h2.RecipientISO_VUT","RecipientISO_VUT","RecipientISO_VUT",0.0269351760411443,0.755818254559651,FALSE,NA,NA,FALSE,FALSE,TRUE,TRUE,FALSE,FALSE,FALSE,FALSE
"adapt","h2","h2.RecipientISO_WSM","RecipientISO_WSM","RecipientISO_WSM",-0.0768523282127031,0.2622935071568,FALSE,-0.0442700545260324,0.181172176147899,FALSE,FALSE,FALSE,TRUE,FALSE,FALSE,FALSE,FALSE
"adapt","h2","h2.RecipientISO_YEM","RecipientISO_YEM","RecipientISO_YEM",0.0484628455353103,0.391334726541858,FALSE,NA,NA,FALSE,FALSE,TRUE,TRUE,FALSE,FALSE,FALSE,FALSE
"adapt","h2","h2.RecipientISO_ZMB","RecipientISO_ZMB","RecipientISO_ZMB",0.0344665517453209,0.435186586870632,FALSE,0.0250011665123567,0.343349155113396,FALSE,FALSE,FALSE,TRUE,FALSE,FALSE,FALSE,FALSE
"adapt","h2","h2.RecipientISO_ZWE","RecipientISO_ZWE","RecipientISO_ZWE",0.00807696341547479,0.862613162689505,FALSE,0.0356993123418573,0.261766804013257,FALSE,FALSE,FALSE,TRUE,FALSE,FALSE,FALSE,FALSE
"adapt","h2","h2.Recipient Population","Recipient Population","RecipientPop",-0.975402451015823,0.171477807879548,FALSE,1.19188532130405,0.199940596409544,FALSE,FALSE,FALSE,FALSE,FALSE,FALSE,FALSE,FALSE
"adapt","h2","h2.Transport","Transport","Transport",0.115443446132163,1.67028613162756e-11,TRUE,NA,NA,FALSE,FALSE,TRUE,TRUE,TRUE,FALSE,FALSE,FALSE
"adapt","h2","h2.Water","Water","Water",0.00288545209949422,0.634411140675727,FALSE,NA,NA,FALSE,FALSE,TRUE,TRUE,FALSE,FALSE,FALSE,FALSE
"adapt","h2","h2.WRI (Vulnerability)","WRI (Vulnerability)","WRI",0.0385254693173876,0.838986567682587,FALSE,-0.679453202555046,7.6578299257335e-11,TRUE,FALSE,FALSE,FALSE,FALSE,FALSE,TRUE,TRUE
"adapt","h2","h2.wto","wto","wto",-0.00365362244474635,0.848505503504364,FALSE,0.0021137436853292,0.917349337441811,FALSE,FALSE,FALSE,FALSE,FALSE,FALSE,FALSE,FALSE
"adapt","h2","h2.Year_2011","Year_2011","Year_2011",0.0209018667579231,0.0880976200674386,FALSE,-0.0201386749674834,0.102560720490508,FALSE,FALSE,FALSE,TRUE,FALSE,FALSE,FALSE,FALSE
"adapt","h2","h2.Year_2012","Year_2012","Year_2012",0.0378884978632766,0.000410258737293168,TRUE,0.0054668682757283,0.622483374364848,FALSE,FALSE,FALSE,TRUE,TRUE,FALSE,FALSE,FALSE
"adapt","h2","h2.Year_2013","Year_2013","Year_2013",0.0353469146559171,0.00020022488755167,TRUE,-0.00882273040557222,0.367983813400951,FALSE,FALSE,FALSE,TRUE,TRUE,FALSE,FALSE,FALSE
"adapt","h2","h2.Year_2014","Year_2014","Year_2014",0.0425905461013575,3.51587368152551e-06,TRUE,-0.00643908390557887,0.510438729268593,FALSE,FALSE,FALSE,TRUE,TRUE,FALSE,FALSE,FALSE
"adapt","h2","h2.Year_2015","Year_2015","Year_2015",0.0391559053440911,1.56022907882303e-06,TRUE,0.00688413785136485,0.400686617065959,FALSE,FALSE,FALSE,TRUE,TRUE,FALSE,FALSE,FALSE
"adapt","h2","h2.Year_2017","Year_2017","Year_2017",-0.0166242681512897,0.0468125627626228,TRUE,0.00288920883249536,0.717878552451995,FALSE,FALSE,FALSE,TRUE,TRUE,FALSE,FALSE,FALSE
"adapt","h2","h2.Year_2018","Year_2018","Year_2018",-0.00679770589932341,0.437755190013655,FALSE,0.043557224170242,2.75363607249446e-07,TRUE,FALSE,FALSE,TRUE,FALSE,FALSE,TRUE,FALSE
"adapt","aux","sd.sd","sd.sd","sd.sd",0.175093818408002,0,TRUE,0.213569119501124,0,TRUE,FALSE,FALSE,FALSE,FALSE,FALSE,FALSE,FALSE
"adapt","aux","Log-likelihood","Log-likelihood","Log-likelihood",-19209.7788324659,NA,FALSE,-6452.55606714416,NA,FALSE,FALSE,FALSE,TRUE,FALSE,FALSE,FALSE,FALSE
"adapt","aux","McFadden Pseudo-R2","McFadden Pseudo-R2","McFadden Pseudo-R2",0.286440628481953,NA,FALSE,0.218498616978978,NA,FALSE,FALSE,FALSE,TRUE,FALSE,FALSE,FALSE,FALSE
"adapt","aux","Coefficient of Determination (R²)","Coefficient of Determination (R²)","Coefficient of Determination (R²)",-4.02113360075825e+28,NA,FALSE,-6212.06496192787,NA,FALSE,FALSE,FALSE,TRUE,FALSE,FALSE,FALSE,FALSE
"adapt","h2","h2.climate_class_Climate_Adaptation","climate_class_Climate_Adaptation","climate_class_Climate_Adaptation",NA,NA,FALSE,-0.00684203526400658,0.145817680081634,FALSE,TRUE,FALSE,TRUE,FALSE,FALSE,FALSE,FALSE
"miti","aux","corr12","corr12","corr12",0.630179377912586,0,TRUE,0.884244822165511,0,TRUE,FALSE,FALSE,TRUE,FALSE,FALSE,FALSE,FALSE
"miti","h1","h1.(Intercept)","(Intercept)","(Intercept)",-5.4959486567315,0,TRUE,-1.60358681281215,1.45727874212298e-12,TRUE,FALSE,FALSE,TRUE,FALSE,FALSE,FALSE,FALSE
"miti","h1","h1.Colonial Ties","Colonial Ties","colony",0.477926083204256,0,TRUE,0.223494684161478,1.33226762955019e-15,TRUE,FALSE,FALSE,FALSE,FALSE,FALSE,FALSE,FALSE
"miti","h1","h1.Common Language","Common Language","comlang",0.471498471929809,0,TRUE,0.255486924648635,0,TRUE,FALSE,FALSE,FALSE,FALSE,FALSE,FALSE,FALSE
"miti","h1","h1.Common Religion","Common Religion","comrelig",0.511520640165129,0,TRUE,0.0174221785907156,0.654624302125675,FALSE,FALSE,FALSE,FALSE,TRUE,FALSE,FALSE,TRUE
"miti","h1","h1.CPIAbudget","CPIAbudget","CPIAbudget",0.0363090104211325,0.0642212601492691,FALSE,-0.042651254645245,0.0080633657827045,TRUE,FALSE,FALSE,FALSE,FALSE,FALSE,TRUE,TRUE
"miti","h1","h1.CPIAPublicAdm","CPIAPublicAdm","CPIAPublicAdm",0.196870996171841,0,TRUE,0.127071004261319,7.23199278240827e-13,TRUE,FALSE,FALSE,FALSE,FALSE,FALSE,FALSE,FALSE
"miti","h1","h1.Distance","Distance","distw",-0.341403386781504,0,TRUE,-0.0325875285785645,0.0232788397783545,TRUE,FALSE,FALSE,FALSE,FALSE,FALSE,FALSE,FALSE
"miti","h1","h1.EIA","EIA","EIA",0.0438077956517275,5.65811651531689e-07,TRUE,-0.00220402199650813,0.735604305856655,FALSE,FALSE,FALSE,FALSE,TRUE,FALSE,FALSE,TRUE
"miti","h1","h1.Investment Agreement","Investment Agreement","InvestAgree",0.100315566712016,2.39011674896261e-07,TRUE,-0.0736322100991048,8.44631753427194e-08,TRUE,FALSE,FALSE,FALSE,FALSE,TRUE,FALSE,TRUE
"miti","h1","h1.MDBDummy","MDBDummy","MDBDummy",0.416655528974918,0,TRUE,0.00287431166154085,0.264723636637789,FALSE,FALSE,FALSE,FALSE,TRUE,FALSE,FALSE,TRUE
"miti","h1","h1.INDC15","INDC15","NDC15",0.109905470666186,0.22582718098548,FALSE,0.025838401694233,0.657644178220469,FALSE,FALSE,FALSE,FALSE,FALSE,FALSE,FALSE,FALSE
"miti","h1","h1.INDC16","INDC16","NDC16",-0.398245519285881,0,TRUE,-0.00748942755382047,0.702604182609738,FALSE,FALSE,FALSE,FALSE,TRUE,FALSE,FALSE,TRUE
"miti","h1","h1.INDC17","INDC17","NDC17",-0.434008112767,0,TRUE,0.059788070238893,0.0129575541586504,TRUE,FALSE,FALSE,FALSE,FALSE,TRUE,FALSE,TRUE
"miti","h1","h1.INDC18","INDC18","NDC18",0.176558287245553,0.000436354803900141,TRUE,0.0315173376296994,0.312345716375334,FALSE,FALSE,FALSE,FALSE,TRUE,FALSE,FALSE,TRUE
"miti","h1","h1.NDCActOnly","NDCActOnly","NDCActOnly",0.312253092703096,0,TRUE,0.0582878748295609,0.000787721035576006,TRUE,FALSE,FALSE,FALSE,FALSE,FALSE,FALSE,FALSE
"miti","h1","h1.NDCnonGHG","NDCnonGHG","NDCnonGHG",0.0951888437956367,4.12018191719987e-06,TRUE,0.100155741290285,2.45119480268841e-11,TRUE,FALSE,FALSE,FALSE,FALSE,FALSE,FALSE,FALSE
"miti","h1","h1.Provider GDP","Provider GDP","ProviderGDPtot",1.00875932992075,0,TRUE,0.0578001157547286,0.107517278723913,FALSE,FALSE,FALSE,FALSE,TRUE,FALSE,FALSE,TRUE
"miti","h1","h1.ProviderISO_ARE","ProviderISO_ARE","ProviderISO_ARE",-2.11669401734864,0,TRUE,-0.679268131588736,5.08482145278322e-14,TRUE,FALSE,FALSE,TRUE,FALSE,FALSE,FALSE,FALSE
"miti","h1","h1.ProviderISO_AUS","ProviderISO_AUS","ProviderISO_AUS",-1.43598688677132,4.94155725538903e-06,TRUE,-0.123637347635594,0.215270797810041,FALSE,FALSE,FALSE,TRUE,TRUE,FALSE,FALSE,FALSE
"miti","h1","h1.ProviderISO_AUT","ProviderISO_AUT","ProviderISO_AUT",-1.0962763203959,4.47414128501578e-06,TRUE,-0.105104011088485,0.146253293153807,FALSE,FALSE,FALSE,TRUE,TRUE,FALSE,FALSE,FALSE
"miti","h1","h1.ProviderISO_BEL","ProviderISO_BEL","ProviderISO_BEL",-0.788043939040634,0.00145973728536575,TRUE,-0.362476468892416,1.62959894201009e-06,TRUE,FALSE,FALSE,TRUE,FALSE,FALSE,FALSE,FALSE
"miti","h1","h1.ProviderISO_CAN","ProviderISO_CAN","ProviderISO_CAN",-1.95977699162714,2.68363997690813e-10,TRUE,-0.866449707743083,0,TRUE,FALSE,FALSE,TRUE,FALSE,FALSE,FALSE,FALSE
"miti","h1","h1.ProviderISO_CHE","ProviderISO_CHE","ProviderISO_CHE",-1.70333767730645,1.23801013884872e-09,TRUE,-0.442404816740355,4.62823595226425e-07,TRUE,FALSE,FALSE,TRUE,FALSE,FALSE,FALSE,FALSE
"miti","h1","h1.ProviderISO_CZE","ProviderISO_CZE","ProviderISO_CZE",-0.706284190907356,0.00018038190892522,TRUE,0.0584300612009979,0.382649593477146,FALSE,FALSE,FALSE,TRUE,TRUE,FALSE,FALSE,FALSE
"miti","h1","h1.ProviderISO_DEU","ProviderISO_DEU","ProviderISO_DEU",-1.5217983471257,2.07296066312423e-07,TRUE,0.0197782551011871,0.827387893445394,FALSE,FALSE,FALSE,TRUE,TRUE,FALSE,FALSE,FALSE
"miti","h1","h1.ProviderISO_DNK","ProviderISO_DNK","ProviderISO_DNK",-0.866712080189442,0.000123454836916226,TRUE,-0.441224823843907,1.51566359463118e-09,TRUE,FALSE,FALSE,TRUE,FALSE,FALSE,FALSE,FALSE
"miti","h1","h1.ProviderISO_ESP","ProviderISO_ESP","ProviderISO_ESP",-1.33256616439642,6.15517409263688e-07,TRUE,-0.359523480853165,9.7936691760836e-06,TRUE,FALSE,FALSE,TRUE,FALSE,FALSE,FALSE,FALSE
"miti","h1","h1.ProviderISO_FIN","ProviderISO_FIN","ProviderISO_FIN",-0.28846975324907,0.16014371712048,FALSE,-0.415475284222853,1.3903238560431e-09,TRUE,FALSE,FALSE,TRUE,FALSE,FALSE,TRUE,FALSE
"miti","h1","h1.ProviderISO_FRA","ProviderISO_FRA","ProviderISO_FRA",-1.86309559939069,2.12063477889046e-10,TRUE,-0.0739689583458732,0.409127694386137,FALSE,FALSE,FALSE,TRUE,TRUE,FALSE,FALSE,FALSE
"miti","h1","h1.ProviderISO_GBR","ProviderISO_GBR","ProviderISO_GBR",-2.35389418502428,5.10702591327572e-15,TRUE,-0.318333537767111,0.000885247621253082,TRUE,FALSE,FALSE,TRUE,FALSE,FALSE,FALSE,FALSE
"miti","h1","h1.ProviderISO_GRC","ProviderISO_GRC","ProviderISO_GRC",-1.50067677214594,3.13131742757378e-11,TRUE,NA,NA,FALSE,FALSE,TRUE,TRUE,TRUE,FALSE,FALSE,FALSE
"miti","h1","h1.ProviderISO_IRL","ProviderISO_IRL","ProviderISO_IRL",-0.826499314150907,0.00013088689082208,TRUE,-0.364412311118112,9.40787981895674e-06,TRUE,FALSE,FALSE,TRUE,FALSE,FALSE,FALSE,FALSE
"miti","h1","h1.ProviderISO_ISL","ProviderISO_ISL","ProviderISO_ISL",1.04517862651163,1.21862429036668e-08,TRUE,NA,NA,FALSE,FALSE,TRUE,TRUE,TRUE,FALSE,FALSE,FALSE
"miti","h1","h1.ProviderISO_ITA","ProviderISO_ITA","ProviderISO_ITA",-1.37710937639942,8.75078288053999e-07,TRUE,-0.149703243181422,0.0770248076900668,FALSE,FALSE,FALSE,TRUE,TRUE,FALSE,FALSE,FALSE
"miti","h1","h1.ProviderISO_JPN","ProviderISO_JPN","ProviderISO_JPN",-0.85858861599861,0.000364661018867452,TRUE,-0.565941533389731,4.04787314778332e-13,TRUE,FALSE,FALSE,TRUE,FALSE,FALSE,FALSE,FALSE
"miti","h1","h1.ProviderISO_KOR","ProviderISO_KOR","ProviderISO_KOR",-0.857039785643842,0.00109679332880885,TRUE,0.0986625457730769,0.21244375426329,FALSE,FALSE,FALSE,TRUE,TRUE,FALSE,FALSE,FALSE
"miti","h1","h1.ProviderISO_LUX","ProviderISO_LUX","ProviderISO_LUX",0.636893623012873,1.25442606524473e-06,TRUE,0.0719858433388092,0.266490958828276,FALSE,FALSE,FALSE,TRUE,TRUE,FALSE,FALSE,FALSE
"miti","h1","h1.ProviderISO_NLD","ProviderISO_NLD","ProviderISO_NLD",-2.01846746835834,1.69020353268934e-12,TRUE,-0.399294996116879,2.18739250508193e-05,TRUE,FALSE,FALSE,TRUE,FALSE,FALSE,FALSE,FALSE
"miti","h1","h1.ProviderISO_NOR","ProviderISO_NOR","ProviderISO_NOR",-0.375669937528562,0.131509950853645,FALSE,0.0388913027829222,0.588687618755953,FALSE,FALSE,FALSE,TRUE,FALSE,FALSE,FALSE,FALSE
"miti","h1","h1.ProviderISO_NZL","ProviderISO_NZL","ProviderISO_NZL",-0.749530263492984,0.000103565511380577,TRUE,-0.244337301770182,0.000834632716375072,TRUE,FALSE,FALSE,TRUE,FALSE,FALSE,FALSE,FALSE
"miti","h1","h1.ProviderISO_POL","ProviderISO_POL","ProviderISO_POL",-1.25318228652381,2.27085550363881e-09,TRUE,NA,NA,FALSE,FALSE,TRUE,TRUE,TRUE,FALSE,FALSE,FALSE
"miti","h1","h1.ProviderISO_PRT","ProviderISO_PRT","ProviderISO_PRT",-0.984163625261938,3.97498494564275e-07,TRUE,-0.271733759226244,0.00128190425705021,TRUE,FALSE,FALSE,TRUE,FALSE,FALSE,FALSE,FALSE
"miti","h1","h1.ProviderISO_SVN","ProviderISO_SVN","ProviderISO_SVN",0.0694514167127663,0.66753642415439,FALSE,NA,NA,FALSE,FALSE,TRUE,TRUE,FALSE,FALSE,FALSE,FALSE
"miti","h1","h1.ProviderISO_SWE","ProviderISO_SWE","ProviderISO_SWE",-0.72876905719932,0.00461515179940597,TRUE,-0.241044683055444,0.00184074901375308,TRUE,FALSE,FALSE,TRUE,FALSE,FALSE,FALSE,FALSE
"miti","h1","h1.Provider Population","Provider Population","ProviderPop",-12.4800907865354,9.41380307040163e-12,TRUE,-0.35866361803366,0.55385498745497,FALSE,FALSE,FALSE,FALSE,TRUE,FALSE,FALSE,TRUE
"miti","h1","h1.Recipient GDP","Recipient GDP","RecipientGDPtot",0.173582623210136,0,TRUE,0.0597961882894517,0,TRUE,FALSE,FALSE,FALSE,FALSE,FALSE,FALSE,FALSE
"miti","h1","h1.Recipient Population","Recipient Population","RecipientPop",-0.0327566730053014,0.604276912017663,FALSE,-0.0348615474097717,0.464636124096852,FALSE,FALSE,FALSE,FALSE,FALSE,FALSE,FALSE,FALSE
"miti","h1","h1.WRI (Vulnerability)","WRI (Vulnerability)","WRI",1.30873216714756,1.11022302462516e-15,TRUE,0.325211189981099,0.0193974467713052,TRUE,FALSE,FALSE,FALSE,FALSE,FALSE,FALSE,FALSE
"miti","h1","h1.wto","wto","wto",-0.0893505972320341,3.71877705800383e-05,TRUE,0.0725979146183834,0.000104561827696914,TRUE,FALSE,FALSE,FALSE,FALSE,TRUE,FALSE,TRUE
"miti","h2","h2.(Intercept)","(Intercept)","(Intercept)",-0.801201107928682,0.155508564392584,FALSE,1.17806365341139,0,TRUE,FALSE,FALSE,TRUE,FALSE,FALSE,TRUE,FALSE
"miti","h2","h2.Agri","Agri","Agri",-0.0569238109252643,3.33066907387547e-15,TRUE,NA,NA,FALSE,FALSE,TRUE,TRUE,TRUE,FALSE,FALSE,FALSE
"miti","h2","h2.Colonial Ties","Colonial Ties","colony",0.0683098428702911,1.04256019644033e-05,TRUE,0.0707842269805713,1.96901828175555e-10,TRUE,FALSE,FALSE,FALSE,FALSE,FALSE,FALSE,FALSE
"miti","h2","h2.Common Language","Common Language","comlang",0.069177289214348,4.23074264510603e-09,TRUE,0.057538461458059,5.44453371276177e-13,TRUE,FALSE,FALSE,FALSE,FALSE,FALSE,FALSE,FALSE
"miti","h2","h2.Common Religion","Common Religion","comrelig",0.0996125106204692,0.0001607739846059,TRUE,-0.0253106255460754,0.212272052382511,FALSE,FALSE,FALSE,FALSE,TRUE,FALSE,FALSE,TRUE
"miti","h2","h2.CPIAbudget","CPIAbudget","CPIAbudget",0.0146217510292088,0.205558777064787,FALSE,0.0159098468114512,0.0600079664176418,FALSE,FALSE,FALSE,FALSE,FALSE,FALSE,FALSE,FALSE
"miti","h2","h2.CPIAPublicAdm","CPIAPublicAdm","CPIAPublicAdm",0.0350283413949405,0.0577807698613979,FALSE,0.0523855992510704,8.48949317000525e-06,TRUE,FALSE,FALSE,FALSE,FALSE,FALSE,TRUE,TRUE
"miti","h2","h2.Distance","Distance","distw",-0.0863022017615698,0,TRUE,-0.0478745201511099,9.17710352155154e-13,TRUE,FALSE,FALSE,FALSE,FALSE,FALSE,FALSE,FALSE
"miti","h2","h2.EIA","EIA","EIA",0.00656477467667678,0.0814299311034603,FALSE,0.0023006261703609,0.420930162853552,FALSE,FALSE,FALSE,FALSE,FALSE,FALSE,FALSE,FALSE
"miti","h2","h2.Energy","Energy","Energy",-0.00828313546916791,0.20908839508159,FALSE,NA,NA,FALSE,FALSE,TRUE,TRUE,FALSE,FALSE,FALSE,FALSE
"miti","h2","h2.EnvProtect","EnvProtect","EnvProtect",-0.0640064471663403,1.90958360235527e-14,TRUE,NA,NA,FALSE,FALSE,TRUE,TRUE,TRUE,FALSE,FALSE,FALSE
"miti","h2","h2.Investment Agreement","Investment Agreement","InvestAgree",0.0404698778414574,1.94804459230369e-08,TRUE,0.0117449867683417,0.0338417924670664,TRUE,FALSE,FALSE,FALSE,FALSE,FALSE,FALSE,FALSE
"miti","h2","h2.MDBDummy","MDBDummy","MDBDummy",0.056691860246624,1.42467815322789e-10,TRUE,0.00269658982574619,0.00812307188258754,TRUE,FALSE,FALSE,FALSE,FALSE,FALSE,FALSE,FALSE
"miti","h2","h2.MultiSec","MultiSec","MultiSec",0.0240214135365585,0.189283521321746,FALSE,NA,NA,FALSE,FALSE,TRUE,TRUE,FALSE,FALSE,FALSE,FALSE
"miti","h2","h2.Provider debt to GDP","Provider debt to GDP","Providerdebt",-0.250256913840624,1.61617659233393e-06,TRUE,-0.0625485150281193,0.0543754401113135,FALSE,FALSE,FALSE,FALSE,TRUE,FALSE,FALSE,TRUE
"miti","h2","h2.Provider fiscal Bal","Provider fiscal Bal","ProviderfisB",-0.191500031363386,0.228293047385216,FALSE,-0.371040246186439,0.00118333468776433,TRUE,FALSE,FALSE,FALSE,FALSE,FALSE,TRUE,TRUE
"miti","h2","h2.Provider GDP","Provider GDP","ProviderGDPtot",0.0935949641533146,0.0459912022716871,TRUE,-0.154846354679253,5.30843147217297e-10,TRUE,FALSE,FALSE,FALSE,FALSE,TRUE,FALSE,TRUE
"miti","h2","h2.ProviderISO_ARE","ProviderISO_ARE","ProviderISO_ARE",1.54617574105028,0.00377109987076252,TRUE,0.648299578082424,0,TRUE,FALSE,FALSE,TRUE,FALSE,FALSE,FALSE,FALSE
"miti","h2","h2.ProviderISO_AUS","ProviderISO_AUS","ProviderISO_AUS",1.34500092596233,0.0103287817289492,TRUE,0.533741579730589,7.63997087815937e-10,TRUE,FALSE,FALSE,TRUE,FALSE,FALSE,FALSE,FALSE
"miti","h2","h2.ProviderISO_AUT","ProviderISO_AUT","ProviderISO_AUT",1.44972371920519,0.00710520276404814,TRUE,0.314664169333801,5.63546823650896e-07,TRUE,FALSE,FALSE,TRUE,FALSE,FALSE,FALSE,FALSE
"miti","h2","h2.ProviderISO_BEL","ProviderISO_BEL","ProviderISO_BEL",1.60063306631042,0.00294896912781173,TRUE,0.438084203968152,4.19357881753513e-11,TRUE,FALSE,FALSE,TRUE,FALSE,FALSE,FALSE,FALSE
"miti","h2","h2.ProviderISO_CAN","ProviderISO_CAN","ProviderISO_CAN",1.28146860386246,0.0114524145434702,TRUE,0.273418405522037,0.00117265384239817,TRUE,FALSE,FALSE,TRUE,FALSE,FALSE,FALSE,FALSE
"miti","h2","h2.ProviderISO_CHE","ProviderISO_CHE","ProviderISO_CHE",1.37973590201649,0.0109080365460359,TRUE,0.467379184031546,1.13142717417247e-09,TRUE,FALSE,FALSE,TRUE,FALSE,FALSE,FALSE,FALSE
"miti","h2","h2.ProviderISO_CZE","ProviderISO_CZE","ProviderISO_CZE",1.35801875940621,0.00968108131671497,TRUE,0.220869751107919,5.71232611368266e-06,TRUE,FALSE,FALSE,TRUE,FALSE,FALSE,FALSE,FALSE
"miti","h2","h2.ProviderISO_DEU","ProviderISO_DEU","ProviderISO_DEU",1.14962473113353,0.00755774590214031,TRUE,0.579564761324459,9.39248678832882e-14,TRUE,FALSE,FALSE,TRUE,FALSE,FALSE,FALSE,FALSE
"miti","h2","h2.ProviderISO_DNK","ProviderISO_DNK","ProviderISO_DNK",1.61081009844183,0.00277643910351988,TRUE,0.417633451584215,5.09947639670827e-12,TRUE,FALSE,FALSE,TRUE,FALSE,FALSE,FALSE,FALSE
"miti","h2","h2.ProviderISO_ESP","ProviderISO_ESP","ProviderISO_ESP",1.22250280713876,0.0118072852344449,TRUE,0.21883980696048,0.00253117778250012,TRUE,FALSE,FALSE,TRUE,FALSE,FALSE,FALSE,FALSE
"miti","h2","h2.ProviderISO_FIN","ProviderISO_FIN","ProviderISO_FIN",1.55230463890718,0.00384168091116277,TRUE,0.210563164836433,0.000130187904247681,TRUE,FALSE,FALSE,TRUE,FALSE,FALSE,FALSE,FALSE
"miti","h2","h2.ProviderISO_FRA","ProviderISO_FRA","ProviderISO_FRA",1.12597484057914,0.0142031575538457,TRUE,0.456092750700808,5.87841242349896e-09,TRUE,FALSE,FALSE,TRUE,FALSE,FALSE,FALSE,FALSE
"miti","h2","h2.ProviderISO_GBR","ProviderISO_GBR","ProviderISO_GBR",1.10542461808349,0.0173376870912729,TRUE,0.433255683075121,1.00930244162356e-07,TRUE,FALSE,FALSE,TRUE,FALSE,FALSE,FALSE,FALSE
"miti","h2","h2.ProviderISO_GRC","ProviderISO_GRC","ProviderISO_GRC",1.32166715753206,0.0151133867918312,TRUE,NA,NA,FALSE,FALSE,TRUE,TRUE,TRUE,FALSE,FALSE,FALSE
"miti","h2","h2.ProviderISO_IRL","ProviderISO_IRL","ProviderISO_IRL",1.63586157595601,0.00266977355894138,TRUE,0.209458883182852,0.00055002806078952,TRUE,FALSE,FALSE,TRUE,FALSE,FALSE,FALSE,FALSE
"miti","h2","h2.ProviderISO_ISL","ProviderISO_ISL","ProviderISO_ISL",1.74542093479537,0.00103138420665649,TRUE,NA,NA,FALSE,FALSE,TRUE,TRUE,TRUE,FALSE,FALSE,FALSE
"miti","h2","h2.ProviderISO_ITA","ProviderISO_ITA","ProviderISO_ITA",1.26971108856337,0.00715160545804983,TRUE,0.399351765322492,1.38913187175405e-07,TRUE,FALSE,FALSE,TRUE,FALSE,FALSE,FALSE,FALSE
"miti","h2","h2.ProviderISO_JPN","ProviderISO_JPN","ProviderISO_JPN",1.22023466583834,0.00102384568457525,TRUE,0.530457784135141,9.45687972375708e-13,TRUE,FALSE,FALSE,TRUE,FALSE,FALSE,FALSE,FALSE
"miti","h2","h2.ProviderISO_KOR","ProviderISO_KOR","ProviderISO_KOR",1.11916696499658,0.01767119277579,TRUE,0.396782076625114,1.95877940534217e-08,TRUE,FALSE,FALSE,TRUE,FALSE,FALSE,FALSE,FALSE
"miti","h2","h2.ProviderISO_LTU","ProviderISO_LTU","ProviderISO_LTU",1.33103501444328,0.0124796317262548,TRUE,NA,NA,FALSE,FALSE,TRUE,TRUE,TRUE,FALSE,FALSE,FALSE
"miti","h2","h2.ProviderISO_LUX","ProviderISO_LUX","ProviderISO_LUX",1.57928895205072,0.00291481732513588,TRUE,0.146642090962965,1.57339751909458e-05,TRUE,FALSE,FALSE,TRUE,FALSE,FALSE,FALSE,FALSE
"miti","h2","h2.ProviderISO_LVA","ProviderISO_LVA","ProviderISO_LVA",1.41321739023504,0.00853587120580812,TRUE,NA,NA,FALSE,FALSE,TRUE,TRUE,TRUE,FALSE,FALSE,FALSE
"miti","h2","h2.ProviderISO_NLD","ProviderISO_NLD","ProviderISO_NLD",1.4248908769626,0.00761859390219355,TRUE,0.411940729363459,6.89729025005192e-08,TRUE,FALSE,FALSE,TRUE,FALSE,FALSE,FALSE,FALSE
"miti","h2","h2.ProviderISO_NOR","ProviderISO_NOR","ProviderISO_NOR",1.567313205498,0.00374151249394883,TRUE,0.499250245463237,1.35447209004269e-14,TRUE,FALSE,FALSE,TRUE,FALSE,FALSE,FALSE,FALSE
"miti","h2","h2.ProviderISO_NZL","ProviderISO_NZL","ProviderISO_NZL",1.50039407089713,0.00498930183941293,TRUE,0.329876001503156,1.50348622440788e-10,TRUE,FALSE,FALSE,TRUE,FALSE,FALSE,FALSE,FALSE
"miti","h2","h2.ProviderISO_POL","ProviderISO_POL","ProviderISO_POL",1.14774692897279,0.017979370060772,TRUE,0.253202758467541,4.28452866452211e-06,TRUE,FALSE,FALSE,TRUE,FALSE,FALSE,FALSE,FALSE
"miti","h2","h2.ProviderISO_PRT","ProviderISO_PRT","ProviderISO_PRT",1.56944414783691,0.0033567948044102,TRUE,0.243354159845651,1.95440068391228e-05,TRUE,FALSE,FALSE,TRUE,FALSE,FALSE,FALSE,FALSE
"miti","h2","h2.ProviderISO_SVN","ProviderISO_SVN","ProviderISO_SVN",1.54219553763616,0.00376881523797734,TRUE,NA,NA,FALSE,FALSE,TRUE,TRUE,TRUE,FALSE,FALSE,FALSE
"miti","h2","h2.ProviderISO_SWE","ProviderISO_SWE","ProviderISO_SWE",1.54319581185792,0.00407609775758222,TRUE,0.433735218926167,2.20184093180364e-10,TRUE,FALSE,FALSE,TRUE,FALSE,FALSE,FALSE,FALSE
"miti","h2","h2.Provider Population","Provider Population","ProviderPop",4.56059488352216,0.0214952657639977,TRUE,3.71312320334469,5.41788836017076e-14,TRUE,FALSE,FALSE,FALSE,FALSE,FALSE,FALSE,FALSE
"miti","h2","h2.Recipient debt to GDP","Recipient debt to GDP","Recipientdebt",0.00869142166730942,0.792817239890858,FALSE,-0.0525009523210861,0.00450726712056038,TRUE,FALSE,FALSE,FALSE,FALSE,FALSE,TRUE,TRUE
"miti","h2","h2.Recipient Fiscal Bal","Recipient Fiscal Bal","RecipientfisB",-0.0935874816075686,0.311058274552331,FALSE,0.0518129928257647,0.472760515196367,FALSE,FALSE,FALSE,FALSE,FALSE,FALSE,FALSE,FALSE
"miti","h2","h2.Recipient GDP","Recipient GDP","RecipientGDPtot",0.0403107943676468,0.0977550116298109,FALSE,0.0323659074140158,6.79509138956647e-07,TRUE,FALSE,FALSE,FALSE,FALSE,FALSE,TRUE,TRUE
"miti","h2","h2.RecipientISO_AFG","RecipientISO_AFG","RecipientISO_AFG",0.0282273435927502,0.653801564705925,FALSE,NA,NA,FALSE,FALSE,TRUE,TRUE,FALSE,FALSE,FALSE,FALSE
"miti","h2","h2.RecipientISO_AGO","RecipientISO_AGO","RecipientISO_AGO",-0.120799765872531,0.208813303305257,FALSE,NA,NA,FALSE,FALSE,TRUE,TRUE,FALSE,FALSE,FALSE,FALSE
"miti","h2","h2.RecipientISO_BDI","RecipientISO_BDI","RecipientISO_BDI",-0.0657596566538108,0.308087280719571,FALSE,-0.0579493723132703,0.0450683263819502,TRUE,FALSE,FALSE,TRUE,FALSE,FALSE,TRUE,FALSE
"miti","h2","h2.RecipientISO_BEN","RecipientISO_BEN","RecipientISO_BEN",-0.109841343027258,0.0333964017691233,TRUE,-0.0273944960284299,0.186964138586688,FALSE,FALSE,FALSE,TRUE,TRUE,FALSE,FALSE,FALSE
"miti","h2","h2.RecipientISO_BFA","RecipientISO_BFA","RecipientISO_BFA",-0.0758865665397051,0.1165085498091,FALSE,-0.0510768076482283,0.0194104210873034,TRUE,FALSE,FALSE,TRUE,FALSE,FALSE,TRUE,FALSE
"miti","h2","h2.RecipientISO_BGD","RecipientISO_BGD","RecipientISO_BGD",0.208512641485277,0.170507326041968,FALSE,0.146416322991223,0.102891425840554,FALSE,FALSE,FALSE,TRUE,FALSE,FALSE,FALSE,FALSE
"miti","h2","h2.RecipientISO_BIH","RecipientISO_BIH","RecipientISO_BIH",-0.126241782420325,0.0650191082481153,FALSE,-0.0792530714772494,0.0171278993060784,TRUE,FALSE,FALSE,TRUE,FALSE,FALSE,TRUE,FALSE
"miti","h2","h2.RecipientISO_BTN","RecipientISO_BTN","RecipientISO_BTN",-0.120930072673381,0.07605590992116,FALSE,-0.00919153299057838,0.759740590151208,FALSE,FALSE,FALSE,TRUE,FALSE,FALSE,FALSE,FALSE
"miti","h2","h2.RecipientISO_CAF","RecipientISO_CAF","RecipientISO_CAF",-0.100142890066498,0.213377476065927,FALSE,NA,NA,FALSE,FALSE,TRUE,TRUE,FALSE,FALSE,FALSE,FALSE
"miti","h2","h2.RecipientISO_CIV","RecipientISO_CIV","RecipientISO_CIV",-0.116704118599473,0.0673128900066975,FALSE,0.022570479335792,0.392345770607796,FALSE,FALSE,FALSE,TRUE,FALSE,FALSE,FALSE,FALSE
"miti","h2","h2.RecipientISO_CMR","RecipientISO_CMR","RecipientISO_CMR",-0.0947940354218834,0.105976120981934,FALSE,-0.0270244202040665,0.297450230426832,FALSE,FALSE,FALSE,TRUE,FALSE,FALSE,FALSE,FALSE
"miti","h2","h2.RecipientISO_COM","RecipientISO_COM","RecipientISO_COM",-0.0595665768657446,0.523820914180287,FALSE,NA,NA,FALSE,FALSE,TRUE,TRUE,FALSE,FALSE,FALSE,FALSE
"miti","h2","h2.RecipientISO_CPV","RecipientISO_CPV","RecipientISO_CPV",-0.0757390437099445,0.267662642685149,FALSE,0.0888682624558002,0.00529161983115123,TRUE,FALSE,FALSE,TRUE,FALSE,FALSE,TRUE,FALSE
"miti","h2","h2.RecipientISO_DJI","RecipientISO_DJI","RecipientISO_DJI",-0.129124327801713,0.0987635530578481,FALSE,0.0656635747925464,0.0136039933436254,TRUE,FALSE,FALSE,TRUE,FALSE,FALSE,TRUE,FALSE
"miti","h2","h2.RecipientISO_ERI","RecipientISO_ERI","RecipientISO_ERI",-0.142342460865877,0.445712366422768,FALSE,NA,NA,FALSE,FALSE,TRUE,TRUE,FALSE,FALSE,FALSE,FALSE
"miti","h2","h2.RecipientISO_ETH","RecipientISO_ETH","RecipientISO_ETH",0.124076467737393,0.21435216171294,FALSE,0.0475778393407367,0.386382755147633,FALSE,FALSE,FALSE,TRUE,FALSE,FALSE,FALSE,FALSE
"miti","h2","h2.RecipientISO_GEO","RecipientISO_GEO","RecipientISO_GEO",-0.00938643858881008,0.869254423791431,FALSE,0.0048318183679505,0.868609534204965,FALSE,FALSE,FALSE,TRUE,FALSE,FALSE,FALSE,FALSE
"miti","h2","h2.RecipientISO_GHA","RecipientISO_GHA","RecipientISO_GHA",-0.0849822103589948,0.179093593595002,FALSE,0.0068744357478137,0.793070517415609,FALSE,FALSE,FALSE,TRUE,FALSE,FALSE,FALSE,FALSE
"miti","h2","h2.RecipientISO_GIN","RecipientISO_GIN","RecipientISO_GIN",-0.107881045831856,0.0570049151862813,FALSE,-0.0597650695920551,0.0408234093029554,TRUE,FALSE,FALSE,TRUE,FALSE,FALSE,TRUE,FALSE
"miti","h2","h2.RecipientISO_GMB","RecipientISO_GMB","RecipientISO_GMB",-0.124281815932511,0.087284366915495,FALSE,NA,NA,FALSE,FALSE,TRUE,TRUE,FALSE,FALSE,FALSE,FALSE
"miti","h2","h2.RecipientISO_GNB","RecipientISO_GNB","RecipientISO_GNB",-0.00835143158559424,0.916935739261788,FALSE,NA,NA,FALSE,FALSE,TRUE,TRUE,FALSE,FALSE,FALSE,FALSE
"miti","h2","h2.RecipientISO_GRD","RecipientISO_GRD","RecipientISO_GRD",-0.0140529585978639,0.878484127794126,FALSE,NA,NA,FALSE,FALSE,TRUE,TRUE,FALSE,FALSE,FALSE,FALSE
"miti","h2","h2.RecipientISO_GUY","RecipientISO_GUY","RecipientISO_GUY",-0.0449801505692336,0.501273613745572,FALSE,NA,NA,FALSE,FALSE,TRUE,TRUE,FALSE,FALSE,FALSE,FALSE
"miti","h2","h2.RecipientISO_HND","RecipientISO_HND","RecipientISO_HND",-0.0761815046723046,0.156492709614446,FALSE,-0.0481227208982212,0.0482243914497125,TRUE,FALSE,FALSE,TRUE,FALSE,FALSE,TRUE,FALSE
"miti","h2","h2.RecipientISO_HTI","RecipientISO_HTI","RecipientISO_HTI",-0.0306815453886784,0.582022995719663,FALSE,0.0147392893984091,0.477733288476693,FALSE,FALSE,FALSE,TRUE,FALSE,FALSE,FALSE,FALSE
"miti","h2","h2.RecipientISO_IND","RecipientISO_IND","RecipientISO_IND",2.50864540796141,0.0202756531192907,TRUE,1.59470165869484,0.0330473254742081,TRUE,FALSE,FALSE,TRUE,FALSE,FALSE,FALSE,FALSE
"miti","h2","h2.RecipientISO_KEN","RecipientISO_KEN","RecipientISO_KEN",0.0641229371292531,0.365516737020019,FALSE,0.0366387401630833,0.241798007967381,FALSE,FALSE,FALSE,TRUE,FALSE,FALSE,FALSE,FALSE
"miti","h2","h2.RecipientISO_KGZ","RecipientISO_KGZ","RecipientISO_KGZ",-0.105872606952425,0.0391814915484008,TRUE,-0.0103271357429998,0.612387243863078,FALSE,FALSE,FALSE,TRUE,TRUE,FALSE,FALSE,FALSE
"miti","h2","h2.RecipientISO_KHM","RecipientISO_KHM","RecipientISO_KHM",-0.0478513021450597,0.407079547507915,FALSE,-0.079867503327962,0.00270740441666417,TRUE,FALSE,FALSE,TRUE,FALSE,FALSE,TRUE,FALSE
"miti","h2","h2.RecipientISO_KIR","RecipientISO_KIR","RecipientISO_KIR",0.00162655306669167,0.989020972370684,FALSE,NA,NA,FALSE,FALSE,TRUE,TRUE,FALSE,FALSE,FALSE,FALSE
"miti","h2","h2.RecipientISO_LAO","RecipientISO_LAO","RecipientISO_LAO",-0.0277526950687975,0.578852248560786,FALSE,-0.0389838323173295,0.0521359269005568,FALSE,FALSE,FALSE,TRUE,FALSE,FALSE,FALSE,FALSE
"miti","h2","h2.RecipientISO_LBR","RecipientISO_LBR","RecipientISO_LBR",0.0545280386031441,0.427364622419158,FALSE,0.101340967245574,0.000142570597274405,TRUE,FALSE,FALSE,TRUE,FALSE,FALSE,TRUE,FALSE
"miti","h2","h2.RecipientISO_LKA","RecipientISO_LKA","RecipientISO_LKA",-0.0739437729454964,0.314584606995511,FALSE,-0.00284112638210064,0.924163056282323,FALSE,FALSE,FALSE,TRUE,FALSE,FALSE,FALSE,FALSE
"miti","h2","h2.RecipientISO_LSO","RecipientISO_LSO","RecipientISO_LSO",-0.0859364584537881,0.244483565627033,FALSE,NA,NA,FALSE,FALSE,TRUE,TRUE,FALSE,FALSE,FALSE,FALSE
"miti","h2","h2.RecipientISO_MDA","RecipientISO_MDA","RecipientISO_MDA",-0.107957495016413,0.036226088801417,TRUE,-0.147801965746083,1.26461174865256e-09,TRUE,FALSE,FALSE,TRUE,FALSE,FALSE,FALSE,FALSE
"miti","h2","h2.RecipientISO_MDG","RecipientISO_MDG","RecipientISO_MDG",-0.0653952738240337,0.298791318846693,FALSE,0.0274343442577934,0.260767175995258,FALSE,FALSE,FALSE,TRUE,FALSE,FALSE,FALSE,FALSE
"miti","h2","h2.RecipientISO_MLI","RecipientISO_MLI","RecipientISO_MLI",-0.0230380790252296,0.655112403029426,FALSE,-0.0108377819030399,0.592076205758832,FALSE,FALSE,FALSE,TRUE,FALSE,FALSE,FALSE,FALSE
"miti","h2","h2.RecipientISO_MMR","RecipientISO_MMR","RecipientISO_MMR",0.0813267240771756,0.277976248255705,FALSE,0.0336487407064104,0.293710987951332,FALSE,FALSE,FALSE,TRUE,FALSE,FALSE,FALSE,FALSE
"miti","h2","h2.RecipientISO_MNG","RecipientISO_MNG","RecipientISO_MNG",-0.0224996010795867,0.651683930212961,FALSE,0.00186651926748719,0.93684876712954,FALSE,FALSE,FALSE,TRUE,FALSE,FALSE,FALSE,FALSE
"miti","h2","h2.RecipientISO_MOZ","RecipientISO_MOZ","RecipientISO_MOZ",0.0617305872797191,0.246520698542684,FALSE,0.102708267375777,1.110093057477e-06,TRUE,FALSE,FALSE,TRUE,FALSE,FALSE,TRUE,FALSE
"miti","h2","h2.RecipientISO_MRT","RecipientISO_MRT","RecipientISO_MRT",-0.0377445144962252,0.509032131047755,FALSE,-0.0993851018559301,0.000308585662338379,TRUE,FALSE,FALSE,TRUE,FALSE,FALSE,TRUE,FALSE
"miti","h2","h2.RecipientISO_MWI","RecipientISO_MWI","RecipientISO_MWI",0.0713830547790038,0.182739567305721,FALSE,0.0314357481148363,0.11500751561072,FALSE,FALSE,FALSE,TRUE,FALSE,FALSE,FALSE,FALSE
"miti","h2","h2.RecipientISO_NER","RecipientISO_NER","RecipientISO_NER",-0.0416887627877527,0.4392906911027,FALSE,-0.0102458045828071,0.672752655274723,FALSE,FALSE,FALSE,TRUE,FALSE,FALSE,FALSE,FALSE
"miti","h2","h2.RecipientISO_NGA","RecipientISO_NGA","RecipientISO_NGA",0.205256389111643,0.237494964884267,FALSE,0.131190849432217,0.195170526584498,FALSE,FALSE,FALSE,TRUE,FALSE,FALSE,FALSE,FALSE
"miti","h2","h2.RecipientISO_NIC","RecipientISO_NIC","RecipientISO_NIC",-0.126995134339325,0.0166132824241227,TRUE,-0.0778807679841324,0.00177620870868012,TRUE,FALSE,FALSE,TRUE,FALSE,FALSE,FALSE,FALSE
"miti","h2","h2.RecipientISO_NPL","RecipientISO_NPL","RecipientISO_NPL",0.0321349870935118,0.560907852936241,FALSE,0.0101248354649302,0.65863593368752,FALSE,FALSE,FALSE,TRUE,FALSE,FALSE,FALSE,FALSE
"miti","h2","h2.RecipientISO_PAK","RecipientISO_PAK","RecipientISO_PAK",0.311074713478702,0.0884992404232163,FALSE,0.213611747866451,0.0535809494738215,FALSE,FALSE,FALSE,TRUE,FALSE,FALSE,FALSE,FALSE
"miti","h2","h2.RecipientISO_PNG","RecipientISO_PNG","RecipientISO_PNG",-0.114953091103851,0.0539457853243974,FALSE,-0.0884472834486689,0.0147535596887582,TRUE,FALSE,FALSE,TRUE,FALSE,FALSE,TRUE,FALSE
"miti","h2","h2.RecipientISO_RWA","RecipientISO_RWA","RecipientISO_RWA",-0.0638901336563119,0.198219623001539,FALSE,-0.0454123160766771,0.0400829940631748,TRUE,FALSE,FALSE,TRUE,FALSE,FALSE,TRUE,FALSE
"miti","h2","h2.RecipientISO_SDN","RecipientISO_SDN","RecipientISO_SDN",-0.0881515551408314,0.348338938007614,FALSE,NA,NA,FALSE,FALSE,TRUE,TRUE,FALSE,FALSE,FALSE,FALSE
"miti","h2","h2.RecipientISO_SEN","RecipientISO_SEN","RecipientISO_SEN",-0.0554392733069739,0.270944440324369,FALSE,-0.0593117188739975,0.00612940222190383,TRUE,FALSE,FALSE,TRUE,FALSE,FALSE,TRUE,FALSE
"miti","h2","h2.RecipientISO_SLB","RecipientISO_SLB","RecipientISO_SLB",-0.0588002306519333,0.492738838297915,FALSE,-0.0313433755902363,0.409645043530134,FALSE,FALSE,FALSE,TRUE,FALSE,FALSE,FALSE,FALSE
"miti","h2","h2.RecipientISO_SLE","RecipientISO_SLE","RecipientISO_SLE",-0.113777815054822,0.0618295989311639,FALSE,0.0135715485493264,0.697537770830803,FALSE,FALSE,FALSE,TRUE,FALSE,FALSE,FALSE,FALSE
"miti","h2","h2.RecipientISO_STP","RecipientISO_STP","RecipientISO_STP",-0.181820297665141,0.105898272195383,FALSE,NA,NA,FALSE,FALSE,TRUE,TRUE,FALSE,FALSE,FALSE,FALSE
"miti","h2","h2.RecipientISO_TCD","RecipientISO_TCD","RecipientISO_TCD",-0.180809044808113,0.00328249552952076,TRUE,-0.018868543908973,0.513945969261882,FALSE,FALSE,FALSE,TRUE,TRUE,FALSE,FALSE,FALSE
"miti","h2","h2.RecipientISO_TGO","RecipientISO_TGO","RecipientISO_TGO",-0.126844433053262,0.0294387817691011,TRUE,0.00282481480848015,0.903126598812569,FALSE,FALSE,FALSE,TRUE,TRUE,FALSE,FALSE,FALSE
"miti","h2","h2.RecipientISO_TJK","RecipientISO_TJK","RecipientISO_TJK",-0.10881256677779,0.0402239779838043,TRUE,-0.0494429383576992,0.0204698343486829,TRUE,FALSE,FALSE,TRUE,FALSE,FALSE,FALSE,FALSE
"miti","h2","h2.RecipientISO_TON","RecipientISO_TON","RecipientISO_TON",-0.040109893727346,0.703743858603841,FALSE,-0.0141537742514778,0.784098231698636,FALSE,FALSE,FALSE,TRUE,FALSE,FALSE,FALSE,FALSE
"miti","h2","h2.RecipientISO_TZA","RecipientISO_TZA","RecipientISO_TZA",0.0473432217610093,0.498112574925661,FALSE,0.0151869415261838,0.637271559759101,FALSE,FALSE,FALSE,TRUE,FALSE,FALSE,FALSE,FALSE
"miti","h2","h2.RecipientISO_UGA","RecipientISO_UGA","RecipientISO_UGA",0.0553350305983613,0.344204456813653,FALSE,0.0680048898142151,0.00828084688272335,TRUE,FALSE,FALSE,TRUE,FALSE,FALSE,TRUE,FALSE
"miti","h2","h2.RecipientISO_UZB","RecipientISO_UZB","RecipientISO_UZB",-0.045838821878769,0.537359062337848,FALSE,-0.165522489129137,1.70891920969751e-06,TRUE,FALSE,FALSE,TRUE,FALSE,FALSE,TRUE,FALSE
"miti","h2","h2.RecipientISO_VNM","RecipientISO_VNM","RecipientISO_VNM",0.144673186606666,0.184347607036345,FALSE,0.0799835406702948,0.128621157486791,FALSE,FALSE,FALSE,TRUE,FALSE,FALSE,FALSE,FALSE
"miti","h2","h2.RecipientISO_VUT","RecipientISO_VUT","RecipientISO_VUT",-0.10781662923631,0.334606782135417,FALSE,-0.0147210798210504,0.827834369246323,FALSE,FALSE,FALSE,TRUE,FALSE,FALSE,FALSE,FALSE
"miti","h2","h2.RecipientISO_WSM","RecipientISO_WSM","RecipientISO_WSM",-0.0364166388990948,0.673392919996167,FALSE,NA,NA,FALSE,FALSE,TRUE,TRUE,FALSE,FALSE,FALSE,FALSE
"miti","h2","h2.RecipientISO_YEM","RecipientISO_YEM","RecipientISO_YEM",-0.0501997481666245,0.546620580268331,FALSE,NA,NA,FALSE,FALSE,TRUE,TRUE,FALSE,FALSE,FALSE,FALSE
"miti","h2","h2.RecipientISO_ZMB","RecipientISO_ZMB","RecipientISO_ZMB",-0.0290102273480765,0.590539793514647,FALSE,-0.0177526807699259,0.406487020078862,FALSE,FALSE,FALSE,TRUE,FALSE,FALSE,FALSE,FALSE
"miti","h2","h2.RecipientISO_ZWE","RecipientISO_ZWE","RecipientISO_ZWE",-0.0496291788362833,0.40069563197046,FALSE,-0.0186109270519013,0.558364425440755,FALSE,FALSE,FALSE,TRUE,FALSE,FALSE,FALSE,FALSE
"miti","h2","h2.Recipient Population","Recipient Population","RecipientPop",-2.06132595871942,0.0164664896560973,TRUE,-1.30418598108394,0.0298887453065826,TRUE,FALSE,FALSE,FALSE,FALSE,FALSE,FALSE,FALSE
"miti","h2","h2.Transport","Transport","Transport",-0.0805942975644073,0,TRUE,NA,NA,FALSE,FALSE,TRUE,TRUE,TRUE,FALSE,FALSE,FALSE
"miti","h2","h2.Water","Water","Water",-0.0428467168409844,0.0175319269961847,TRUE,NA,NA,FALSE,FALSE,TRUE,TRUE,TRUE,FALSE,FALSE,FALSE
"miti","h2","h2.WRI (Vulnerability)","WRI (Vulnerability)","WRI",0.445206162485009,0.0652474420857925,FALSE,0.271517281757389,0.190043508675643,FALSE,FALSE,FALSE,FALSE,FALSE,FALSE,FALSE,FALSE
"miti","h2","h2.wto","wto","wto",-0.0380446003404373,0.1097497675244,FALSE,0.00672003575315329,0.70140436641759,FALSE,FALSE,FALSE,FALSE,FALSE,FALSE,FALSE,FALSE
"miti","h2","h2.Year_2011","Year_2011","Year_2011",0.0385818555577202,0.022129397665376,TRUE,-0.058030992783013,8.41680525276445e-09,TRUE,FALSE,FALSE,TRUE,FALSE,TRUE,FALSE,FALSE
"miti","h2","h2.Year_2012","Year_2012","Year_2012",0.0472741532027563,0.00177954163821914,TRUE,-0.0251743722103712,0.00447393665269424,TRUE,FALSE,FALSE,TRUE,FALSE,TRUE,FALSE,FALSE
"miti","h2","h2.Year_2013","Year_2013","Year_2013",0.0524020640273797,9.7596062404115e-05,TRUE,-0.0231716929004768,0.00233497940882565,TRUE,FALSE,FALSE,TRUE,FALSE,TRUE,FALSE,FALSE
"miti","h2","h2.Year_2014","Year_2014","Year_2014",0.0714874379172103,6.26919780533086e-08,TRUE,0.0098326228571263,0.199017449732745,FALSE,FALSE,FALSE,TRUE,TRUE,FALSE,FALSE,FALSE
"miti","h2","h2.Year_2015","Year_2015","Year_2015",0.0469338965146824,9.86248986740712e-05,TRUE,-0.018123499296707,0.00950209543993719,TRUE,FALSE,FALSE,TRUE,FALSE,TRUE,FALSE,FALSE
"miti","h2","h2.Year_2017","Year_2017","Year_2017",-0.0125072436245239,0.35194491764274,FALSE,0.00258951297011124,0.70558815791859,FALSE,FALSE,FALSE,TRUE,FALSE,FALSE,FALSE,FALSE
"miti","h2","h2.Year_2018","Year_2018","Year_2018",0.038696623617372,0.00263925633668238,TRUE,-0.00244043113415164,0.733498792102134,FALSE,FALSE,FALSE,TRUE,TRUE,FALSE,FALSE,FALSE
"miti","aux","sd.sd","sd.sd","sd.sd",0.214879235749671,0,TRUE,0.290452631146439,0,TRUE,FALSE,FALSE,FALSE,FALSE,FALSE,FALSE,FALSE
"miti","aux","Log-likelihood","Log-likelihood","Log-likelihood",-15820.6420845576,NA,FALSE,-29879.9589037612,NA,FALSE,FALSE,FALSE,TRUE,FALSE,FALSE,FALSE,FALSE
"miti","aux","McFadden Pseudo-R2","McFadden Pseudo-R2","McFadden Pseudo-R2",0.264688178594548,NA,FALSE,0.106101687579576,NA,FALSE,FALSE,FALSE,TRUE,FALSE,FALSE,FALSE,FALSE
"miti","aux","Coefficient of Determination (R²)","Coefficient of Determination (R²)","Coefficient of Determination (R²)",-22792325570521.9,NA,FALSE,-106532.285060004,NA,FALSE,FALSE,FALSE,TRUE,FALSE,FALSE,FALSE,FALSE
"miti","h2","h2.climate_class_Air_Pollution_Mitigation","climate_class_Air_Pollution_Mitigation","climate_class_Air_Pollution_Mitigation",NA,NA,FALSE,0.065229564185126,4.25215418431435e-13,TRUE,TRUE,FALSE,TRUE,FALSE,FALSE,TRUE,FALSE
"miti","h2","h2.climate_class_Green_Growth_Strategies","climate_class_Green_Growth_Strategies","climate_class_Green_Growth_Strategies",NA,NA,FALSE,0.0710556566847502,0,TRUE,TRUE,FALSE,TRUE,FALSE,FALSE,TRUE,FALSE
"miti","h2","h2.climate_class_Hydro_Power_Plants","climate_class_Hydro_Power_Plants","climate_class_Hydro_Power_Plants",NA,NA,FALSE,0.158944462954675,0,TRUE,TRUE,FALSE,TRUE,FALSE,FALSE,TRUE,FALSE
"miti","h2","h2.climate_class_Renewable_energy","climate_class_Renewable_energy","climate_class_Renewable_energy",NA,NA,FALSE,0.132589537501905,0,TRUE,TRUE,FALSE,TRUE,FALSE,FALSE,TRUE,FALSE
"miti","h2","h2.climate_class_Solar_Energy","climate_class_Solar_Energy","climate_class_Solar_Energy",NA,NA,FALSE,0.0482250293087816,1.20494925148762e-09,TRUE,TRUE,FALSE,TRUE,FALSE,FALSE,TRUE,FALSE
"miti","h2","h2.climate_class_Wind_power_farms","climate_class_Wind_power_farms","climate_class_Wind_power_farms",NA,NA,FALSE,0.110777335060095,1.55431223447522e-15,TRUE,TRUE,FALSE,TRUE,FALSE,FALSE,TRUE,FALSE
